"HITId","HITTypeId","Title","Description","Keywords","Reward","CreationTime","MaxAssignments","RequesterAnnotation","AssignmentDurationInSeconds","AutoApprovalDelayInSeconds","Expiration","NumberOfSimilarHITs","LifetimeInSeconds","AssignmentId","WorkerId","AssignmentStatus","AcceptTime","SubmitTime","AutoApprovalTime","ApprovalTime","RejectionTime","RequesterFeedback","WorkTimeInSeconds","LifetimeApprovalRate","Last30DaysApprovalRate","Last7DaysApprovalRate","Input.user_turn_0","Input.agent_turn_0","Input.user_turn_1","Input.option_0","Input.option_0_idx","Input.option_1","Input.option_1_idx","Input.option_2","Input.option_2_idx","Input.option_3","Input.option_3_idx","Answer.comments","Answer.manual_entry","Answer.radio-input","Approve","Reject"
"307FVKVSYRKVHJ9HA1PPMFR7ITB74S","3O7C9ZLMU037LI1HPYLPIAO4PD8JV4","Choose and rewrite chatbot responses","You will see responses from a chatbot and be asked to choose and/or edit valid responses","chatbot, data collection, text","$0.09","Thu Oct 13 10:48:43 PDT 2022","1","BatchId:4899871;OriginalHitTemplateId:928390845;","7200","259200","Thu Oct 20 10:48:43 PDT 2022","","","3XC1O3LBOTRG09B3JYW82BGJ0CPLTE","AKQAI78JTXXC9","Submitted","Thu Oct 13 10:49:10 PDT 2022","Thu Oct 13 10:51:46 PDT 2022","Sun Oct 16 10:51:46 PDT 2022","","","","156","100% (1478/1478)","0% (0/0)","0% (0/0)","when is my lunch meeting ?"," event matching "" lunch meeting "" is on Wednesday at 8 : 00 AM . ","who is my lunch meeting with ?","Who is invited to lunch?","2","Who is attending the lunch meeting?","1","Who is my lunch meeting with?","0","defer the next meeting Simmons","3","{}","{}","2"
"30QQTY5GMKPUYH3WP7G7ZJP1H6YU71","3O7C9ZLMU037LI1HPYLPIAO4PD8JV4","Choose and rewrite chatbot responses","You will see responses from a chatbot and be asked to choose and/or edit valid responses","chatbot, data collection, text","$0.09","Thu Oct 13 10:48:43 PDT 2022","1","BatchId:4899871;OriginalHitTemplateId:928390845;","7200","259200","Thu Oct 20 10:48:43 PDT 2022","","","3TVRFO09GLKNHQKNO8X5RE1PD8ELXY","AKQAI78JTXXC9","Submitted","Thu Oct 13 10:53:04 PDT 2022","Thu Oct 13 10:57:39 PDT 2022","Sun Oct 16 10:57:39 PDT 2022","","","","275","100% (1478/1478)","0% (0/0)","0% (0/0)","that 's great"," I 've changed "" staff meeting "" to be without Doug and Joan . "," Great . We have a kickball game tonight that Emily wo n't be there , Darren is going to come in her place .","Emily isn't coming to the kickball game today, but Darren is.","1","Emily isn't going to make it to the kickball game tonight, but Darren is.","0","What about Sunday?","3","Emily isn't coming to the kickball game tonight, but Darren is.","2","{}","{}","2"
"30U1YOGZGA1U0DC2RFOTKAH9IKGSDC","3O7C9ZLMU037LI1HPYLPIAO4PD8JV4","Choose and rewrite chatbot responses","You will see responses from a chatbot and be asked to choose and/or edit valid responses","chatbot, data collection, text","$0.09","Thu Oct 13 10:48:46 PDT 2022","1","BatchId:4899871;OriginalHitTemplateId:928390845;","7200","259200","Thu Oct 20 10:48:46 PDT 2022","","","3KYQYYSHYWCHP5I3A0CLPO2RSV6ODF","AKQAI78JTXXC9","Submitted","Thu Oct 13 10:49:07 PDT 2022","Thu Oct 13 10:51:28 PDT 2022","Sun Oct 16 10:51:28 PDT 2022","","","","141","100% (1478/1478)","0% (0/0)","0% (0/0)","Cancel the little league game on Wednesday .","Is this what you want me to cancel ?","Sorry I meant the one on Thursday .","Actually cancel the one on Thursday.","0","I meant the one on Thursday.","2","I meant the one on Thursday.","1","cancel the 1 pm","3","{}","I meant for you to cancel the one on Thursday.",""
"31GN6YMHLPXT9JCT8ATJCY6UP0MWSP","3O7C9ZLMU037LI1HPYLPIAO4PD8JV4","Choose and rewrite chatbot responses","You will see responses from a chatbot and be asked to choose and/or edit valid responses","chatbot, data collection, text","$0.09","Thu Oct 13 10:48:43 PDT 2022","1","BatchId:4899871;OriginalHitTemplateId:928390845;","7200","259200","Thu Oct 20 10:48:43 PDT 2022","","","3TVRFO09GLKNHQKNO8X5RE1PD8DLXX","A2RBF3IIJP15IH","Submitted","Thu Oct 13 10:49:25 PDT 2022","Thu Oct 13 10:56:07 PDT 2022","Sun Oct 16 10:56:07 PDT 2022","","","","402","100% (474/474)","0% (0/0)","0% (0/0)","","","I need event to be at 13 tomorrow","make an event for 13 tomorrow","2","make an Event for 13 tomorrow","0","What will the temperature be at 3am tomorrow?","3","make an event for 1300 tomorrow","1","{}","{}","4"
"31J7RYECZLVD4510RD7X7M251T61LI","3O7C9ZLMU037LI1HPYLPIAO4PD8JV4","Choose and rewrite chatbot responses","You will see responses from a chatbot and be asked to choose and/or edit valid responses","chatbot, data collection, text","$0.09","Thu Oct 13 10:48:46 PDT 2022","1","BatchId:4899871;OriginalHitTemplateId:928390845;","7200","259200","Thu Oct 20 10:48:46 PDT 2022","","","3CPLWGV3MP4N4U5AX576O3JWB0M9N4","A2RBF3IIJP15IH","Submitted","Thu Oct 13 10:49:06 PDT 2022","Thu Oct 13 10:51:38 PDT 2022","Sun Oct 16 10:51:38 PDT 2022","","","","152","100% (474/474)","0% (0/0)","0% (0/0)"," Sorry , I ca n't have it be on a weekend . ","Does one of these work ?","Is there a day available earlier in the week ?","Is there anything available earlier in the week?","2","Can we make it earlier this week?","1","What about later in the week?","0","Schedule a lunch with the manager and myself for next Wednesday.","3","{}","{}","2"
"32CXT5U14G8YYV8FZC8DDJLWSQ4U8O","3O7C9ZLMU037LI1HPYLPIAO4PD8JV4","Choose and rewrite chatbot responses","You will see responses from a chatbot and be asked to choose and/or edit valid responses","chatbot, data collection, text","$0.09","Thu Oct 13 10:48:44 PDT 2022","1","BatchId:4899871;OriginalHitTemplateId:928390845;","7200","259200","Thu Oct 20 10:48:44 PDT 2022","","","3IRIK4HM3BPHV76LA8VGOIYIMV0C6E","A2LMQ4497NMK3S","Submitted","Thu Oct 13 10:49:21 PDT 2022","Thu Oct 13 10:52:37 PDT 2022","Sun Oct 16 10:52:37 PDT 2022","","","","196","100% (1103/1103)","0% (0/0)","0% (0/0)","cancel my lunch","Is this what you want me to cancel ?","show my all events","Search for all events","2","defer the next meeting Simmons","0","Are you sure about that? Please check again.","3","search events","1","{}","{}","1"
"32FESTC2NHV0AYYSGOOIF5HFIHPUCU","3O7C9ZLMU037LI1HPYLPIAO4PD8JV4","Choose and rewrite chatbot responses","You will see responses from a chatbot and be asked to choose and/or edit valid responses","chatbot, data collection, text","$0.09","Thu Oct 13 10:48:46 PDT 2022","1","BatchId:4899871;OriginalHitTemplateId:928390845;","7200","259200","Thu Oct 20 10:48:46 PDT 2022","","","36ZN444YTS3YXGYP2EDWGLI4K0EOIH","A2RBF3IIJP15IH","Submitted","Thu Oct 13 10:49:20 PDT 2022","Thu Oct 13 10:54:28 PDT 2022","Sun Oct 16 10:54:28 PDT 2022","","","","308","100% (474/474)","0% (0/0)","0% (0/0)","Add a meeting at 5 pm with Bob .","How 's this ?","Can you check to see if I have a board meeting next week ?","Is there a board meeting next week?","1","What about the board meeting next week?","0","I need to walk the dog before my meeting.","3","What about the board meeting next week?","2","{}","{}","1"
"32TMVRKDGN3ZHXE0K6HV0FN2TDH48C","3O7C9ZLMU037LI1HPYLPIAO4PD8JV4","Choose and rewrite chatbot responses","You will see responses from a chatbot and be asked to choose and/or edit valid responses","chatbot, data collection, text","$0.09","Thu Oct 13 10:48:44 PDT 2022","1","BatchId:4899871;OriginalHitTemplateId:928390845;","7200","259200","Thu Oct 20 10:48:44 PDT 2022","","","3DPNQGW4LMKE03T6HTPY5KMUUIK64W","A2RBF3IIJP15IH","Submitted","Thu Oct 13 10:51:58 PDT 2022","Thu Oct 13 10:59:17 PDT 2022","Sun Oct 16 10:59:17 PDT 2022","","","","439","100% (474/474)","0% (0/0)","0% (0/0)","Are there any meetings on my calendar with no attendees next month ?","I did n't find any events with no attendees next month .","Are there any events with no attendees tomorrow ?","Do I have anything with no attendees tomorrow?","1","Do I have anything with no attendees tomorrow?","2","Is there anything on my calendar tomorrow with no attendees?","0","No, I need it to be 3 and a half hours instead.","3","{}","{}","1"
"32W3UF2EZOQ1T04D1IX021JLJ424CI","3O7C9ZLMU037LI1HPYLPIAO4PD8JV4","Choose and rewrite chatbot responses","You will see responses from a chatbot and be asked to choose and/or edit valid responses","chatbot, data collection, text","$0.09","Thu Oct 13 10:48:45 PDT 2022","1","BatchId:4899871;OriginalHitTemplateId:928390845;","7200","259200","Thu Oct 20 10:48:45 PDT 2022","","","3SPJ03342286M5MXQJ7UUDV6BP2JYZ","AKQAI78JTXXC9","Submitted","Thu Oct 13 10:49:26 PDT 2022","Thu Oct 13 10:53:09 PDT 2022","Sun Oct 16 10:53:09 PDT 2022","","","","223","100% (1478/1478)","0% (0/0)","0% (0/0)","What do I have scheduled for February 18 th","I did n't find any events on Monday the 18 th .","how come ? check again","Really?","1","Try searching again","0","Are you sure about that? Please check again.","2","The 2nd one works.","3","{}","{}","3"
"336OE47KI2P91BTX25YONLQ1O4GWVU","3O7C9ZLMU037LI1HPYLPIAO4PD8JV4","Choose and rewrite chatbot responses","You will see responses from a chatbot and be asked to choose and/or edit valid responses","chatbot, data collection, text","$0.09","Thu Oct 13 10:48:43 PDT 2022","1","BatchId:4899871;OriginalHitTemplateId:928390845;","7200","259200","Thu Oct 20 10:48:43 PDT 2022","","","3A4TN5196LNXSWQ26RMKL9N8V9GHCK","A2RBF3IIJP15IH","Submitted","Thu Oct 13 10:49:15 PDT 2022","Thu Oct 13 10:52:19 PDT 2022","Sun Oct 16 10:52:19 PDT 2022","","","","184","100% (474/474)","0% (0/0)","0% (0/0)","","","schedule a date with Lola this weekend on Saturday or Sunday for 3 hours","Schedule a date with Lola for 3 hours either Saturday or Sunday.","0","Can you tell me when my next block of free time is?","3","Schedule a date with Lola on Saturday for 3 hours.","2","schedule a date with Lola this weekend for 3 hours","1","{}","{}","1"
"338GLSUI43GRYXQYILJJ8AKUUXWSFN","3O7C9ZLMU037LI1HPYLPIAO4PD8JV4","Choose and rewrite chatbot responses","You will see responses from a chatbot and be asked to choose and/or edit valid responses","chatbot, data collection, text","$0.09","Thu Oct 13 10:48:47 PDT 2022","1","BatchId:4899871;OriginalHitTemplateId:928390845;","7200","259200","Thu Oct 20 10:48:47 PDT 2022","","","3T111IHZ5FV8JSX2QCONXNO6CXB9RS","A2LMQ4497NMK3S","Submitted","Thu Oct 13 10:49:19 PDT 2022","Thu Oct 13 10:53:06 PDT 2022","Sun Oct 16 10:53:06 PDT 2022","","","","227","100% (1103/1103)","0% (0/0)","0% (0/0)","Do I have anything with people attending on my calendar ?"," Yes , I found one event with attendees . It 's "" Go for a Walk "" on Saturday the 22 nd from 1 : 00 to 1 : 30 PM . ","Do I have any events in March with people attending ?","Did I RSVP to Abby's Birthday Party?","3","Do I have any events in March with people attending?","2","Do I have anything in March with people coming?","0","Do I have any events in March with people coming?","1","{}","{}","2"
"33KGGVH24UM84ZIP5WALIGXS82FX1Z","3O7C9ZLMU037LI1HPYLPIAO4PD8JV4","Choose and rewrite chatbot responses","You will see responses from a chatbot and be asked to choose and/or edit valid responses","chatbot, data collection, text","$0.09","Thu Oct 13 10:48:47 PDT 2022","1","BatchId:4899871;OriginalHitTemplateId:928390845;","7200","259200","Thu Oct 20 10:48:47 PDT 2022","","","3KV0LJBBH3QNQCGWFLSS29UQCWVMRH","A2LMQ4497NMK3S","Submitted","Thu Oct 13 11:53:43 PDT 2022","Thu Oct 13 11:54:30 PDT 2022","Sun Oct 16 11:54:30 PDT 2022","","","","47","100% (1103/1103)","0% (0/0)","0% (0/0)","create time to study tonight at 7 pm .","How 's this ?","I want to make sure that I study for 3 hours tonight .","make that 10-11","3","Make it last 3 hours","1","Book 3 hours to study tonight.","0","Make it last 3 hours tonight.","2","{}","{}","3"
"33KMQD9OFJJS06R0CZNWPRBH9V177C","3O7C9ZLMU037LI1HPYLPIAO4PD8JV4","Choose and rewrite chatbot responses","You will see responses from a chatbot and be asked to choose and/or edit valid responses","chatbot, data collection, text","$0.09","Thu Oct 13 10:48:44 PDT 2022","1","BatchId:4899871;OriginalHitTemplateId:928390845;","7200","259200","Thu Oct 20 10:48:44 PDT 2022","","","3OF2M9AATHT12F2K4Q9P9Z4LW8JZKI","A2LMQ4497NMK3S","Submitted","Thu Oct 13 11:53:45 PDT 2022","Thu Oct 13 11:55:05 PDT 2022","Sun Oct 16 11:55:05 PDT 2022","","","","80","100% (1103/1103)","0% (0/0)","0% (0/0)","",""," I need to know every events I had last year , please .","Check for Apex at 3.","3","Did I have any meetings last year?","2","Can you tell me when my next block of free time is?","0","What did I do last year?","1","{}","{}","4"
"33N1S8XHHMQX9UI46EY6F1D3G2DZ1Y","3O7C9ZLMU037LI1HPYLPIAO4PD8JV4","Choose and rewrite chatbot responses","You will see responses from a chatbot and be asked to choose and/or edit valid responses","chatbot, data collection, text","$0.09","Thu Oct 13 10:48:47 PDT 2022","1","BatchId:4899871;OriginalHitTemplateId:928390845;","7200","259200","Thu Oct 20 10:48:47 PDT 2022","","","3CTOC39K38VN7LQW3AHUH0B97QT7JM","A2RBF3IIJP15IH","Submitted","Thu Oct 13 10:49:17 PDT 2022","Thu Oct 13 10:52:51 PDT 2022","Sun Oct 16 10:52:51 PDT 2022","","","","214","100% (474/474)","0% (0/0)","0% (0/0)","And when is Black Friday ?"," Black Friday is on Friday , November 29 th . ","add black friday shopping","i went black friday shopping last friday","2","create black friday shopping on friday","1","What about Sunday?","3","create black friday shopping","0","{}","{}","4"
"341H3G5YF0JX25XMAVU61WUTBA7Z0V","3O7C9ZLMU037LI1HPYLPIAO4PD8JV4","Choose and rewrite chatbot responses","You will see responses from a chatbot and be asked to choose and/or edit valid responses","chatbot, data collection, text","$0.09","Thu Oct 13 10:48:47 PDT 2022","1","BatchId:4899871;OriginalHitTemplateId:928390845;","7200","259200","Thu Oct 20 10:48:47 PDT 2022","","","3AWETUDC93XAWKCW4NODWJP844HZIU","A2LMQ4497NMK3S","Submitted","Thu Oct 13 10:51:26 PDT 2022","Thu Oct 13 10:54:19 PDT 2022","Sun Oct 16 10:54:19 PDT 2022","","","","173","100% (1103/1103)","0% (0/0)","0% (0/0)","I need it later .","Does one of these work ?","Put the first option on the calendar .","Oh I meant Saturday","3","fix the second one","1","fix the first one","0","fix the first one","2","{}","The first option works.",""
"34D9ZRXCYRZW269Q75XRU993XHJSAA","3O7C9ZLMU037LI1HPYLPIAO4PD8JV4","Choose and rewrite chatbot responses","You will see responses from a chatbot and be asked to choose and/or edit valid responses","chatbot, data collection, text","$0.09","Thu Oct 13 10:48:45 PDT 2022","1","BatchId:4899871;OriginalHitTemplateId:928390845;","7200","259200","Thu Oct 20 10:48:45 PDT 2022","","","3SNLUL3WO5SV0MQSJ3MI772LJQWLU5","A2LMQ4497NMK3S","Submitted","Thu Oct 13 10:49:12 PDT 2022","Thu Oct 13 10:52:19 PDT 2022","Sun Oct 16 10:52:19 PDT 2022","","","","187","100% (1103/1103)","0% (0/0)","0% (0/0)","Actually I need to make it a little later ...","Here are some times when you and Crystal are free .","The second one is later thanks","The 2nd one works.","2","fix the second one","0","The 2nd one works.","1","Schedule the appointment for 12:00 PM. Also, please add Celebratory Dinner with Thomas tomorrow at around 6:30 PM.","3","{}","{}","1"
"34KYK9TV2RD1LGEIDJXNPKT9FZ4SB5","3O7C9ZLMU037LI1HPYLPIAO4PD8JV4","Choose and rewrite chatbot responses","You will see responses from a chatbot and be asked to choose and/or edit valid responses","chatbot, data collection, text","$0.09","Thu Oct 13 10:48:45 PDT 2022","1","BatchId:4899871;OriginalHitTemplateId:928390845;","7200","259200","Thu Oct 20 10:48:45 PDT 2022","","","3HVVDCPGTFX008I22DLYWJIF9RTTYE","AKQAI78JTXXC9","Submitted","Thu Oct 13 10:49:34 PDT 2022","Thu Oct 13 10:54:00 PDT 2022","Sun Oct 16 10:54:00 PDT 2022","","","","266","100% (1478/1478)","0% (0/0)","0% (0/0)","Schedule the meeting on Monday","Does one of these work ?","Chang the name to Meeting .","Chang","1","The one on the 16th","3","Rename it to Meeting Meeting","2","Rename it to ""Meeting""","0","{}","{}","4"
"34YWR3PJ28F8XAX79D6L4BEI3A9X0W","3O7C9ZLMU037LI1HPYLPIAO4PD8JV4","Choose and rewrite chatbot responses","You will see responses from a chatbot and be asked to choose and/or edit valid responses","chatbot, data collection, text","$0.09","Thu Oct 13 10:48:46 PDT 2022","1","BatchId:4899871;OriginalHitTemplateId:928390845;","7200","259200","Thu Oct 20 10:48:46 PDT 2022","","","3TYCR1GOTDOCMLK2PQLQOZH0L8OZLL","A2LMQ4497NMK3S","Submitted","Thu Oct 13 11:53:46 PDT 2022","Thu Oct 13 11:54:56 PDT 2022","Sun Oct 16 11:54:56 PDT 2022","","","","70","100% (1103/1103)","0% (0/0)","0% (0/0)","","","Please add a meeting in the main room for next tuesday at 8 am .","What about Sunday?","3","Change the location of the staff meeting tomorrow to Conference Room B.","0","create meeting in the main room on tuesday at 8","2","create meeting in main room on tuesday at 8","1","{}","{}","3"
"356TQKY9XF2W0KWJM4F23R7CKF778Z","3O7C9ZLMU037LI1HPYLPIAO4PD8JV4","Choose and rewrite chatbot responses","You will see responses from a chatbot and be asked to choose and/or edit valid responses","chatbot, data collection, text","$0.09","Thu Oct 13 10:48:44 PDT 2022","1","BatchId:4899871;OriginalHitTemplateId:928390845;","7200","259200","Thu Oct 20 10:48:44 PDT 2022","","","3KJYX6QCMAGPIBRSL8KANERCT80JVQ","A2LMQ4497NMK3S","Submitted","Thu Oct 13 10:49:11 PDT 2022","Thu Oct 13 10:52:11 PDT 2022","Sun Oct 16 10:52:11 PDT 2022","","","","180","100% (1103/1103)","0% (0/0)","0% (0/0)","yes this looks good to me","I 've put that on your calendar ."," Let 's add Larry , Bill , and Danny to the meeting with John Smith","No, I need it to be 2 hours long, from 2 to 3 pm.","3","Add Larry Smith, Bill, and Danny to the meeting with John.","0","Add Larry John, Bill, and Danny to the meeting with John.","2","Add Larry Smith, Bill, and Danny to the meeting with John Smith.","1","{}","{}","3"
"356ZPKYPUHM0LWR1VU7D2QMZDOFPY1","3O7C9ZLMU037LI1HPYLPIAO4PD8JV4","Choose and rewrite chatbot responses","You will see responses from a chatbot and be asked to choose and/or edit valid responses","chatbot, data collection, text","$0.09","Thu Oct 13 10:48:47 PDT 2022","1","BatchId:4899871;OriginalHitTemplateId:928390845;","7200","259200","Thu Oct 20 10:48:47 PDT 2022","","","3TXWC2NHN0VKK7XF51OSNXT2YZU9SG","AKQAI78JTXXC9","Submitted","Thu Oct 13 10:49:22 PDT 2022","Thu Oct 13 10:52:50 PDT 2022","Sun Oct 16 10:52:50 PDT 2022","","","","208","100% (1478/1478)","0% (0/0)","0% (0/0)","create a timer please"," Sorry , I ca n't do reminders . "," Jane wo n't be at the party this week , but Ashley and Sloan said they would be there instead .","cancel the 1 pm","3","Jane isn't coming to the party this week but Ashley and Sloan are.","1","Jane isn't coming to the party this week but Ashley and Sloan are.","2","Jane isn't coming to the party this week but Ashley and Sloan are.","0","{}","{}","2"
"359AP8GAGGPYCNMW3GV75D3VA6S7C5","3O7C9ZLMU037LI1HPYLPIAO4PD8JV4","Choose and rewrite chatbot responses","You will see responses from a chatbot and be asked to choose and/or edit valid responses","chatbot, data collection, text","$0.09","Thu Oct 13 10:48:46 PDT 2022","1","BatchId:4899871;OriginalHitTemplateId:928390845;","7200","259200","Thu Oct 20 10:48:46 PDT 2022","","","3UNH76FOCTAWNDSITGKMA5NNFJXMY6","AKQAI78JTXXC9","Submitted","Thu Oct 13 10:51:28 PDT 2022","Thu Oct 13 10:56:22 PDT 2022","Sun Oct 16 10:56:22 PDT 2022","","","","294","100% (1478/1478)","0% (0/0)","0% (0/0)","make a schedule to talk customer care before monday","Does one of these work ?"," Oh , okay , well , can you just mark down a morning check - in with Pete at Starbucks for 10 : 30 am on next Thursday ?","Decline the meeting call.","3","Schedule a morning check-in in with Pete at Starbucks on Thursday at 10:30 am.","0","Schedule a morning check-in Starbucks with Pete on Thursday at 10:30 am.","1","Schedule a morning check-in, with Pete at Starbucks on Thursday at 10:30 am.","2","{}","{}","2"
"391FPZIE4CRRR6982G2JQWEVV9UUH3","3O7C9ZLMU037LI1HPYLPIAO4PD8JV4","Choose and rewrite chatbot responses","You will see responses from a chatbot and be asked to choose and/or edit valid responses","chatbot, data collection, text","$0.09","Thu Oct 13 10:48:47 PDT 2022","1","BatchId:4899871;OriginalHitTemplateId:928390845;","7200","259200","Thu Oct 20 10:48:47 PDT 2022","","","34X6J5FLPU3XD3VBZ9Q0HRS4CGLJQW","AKQAI78JTXXC9","Submitted","Thu Oct 13 10:49:03 PDT 2022","Thu Oct 13 10:50:38 PDT 2022","Sun Oct 16 10:50:38 PDT 2022","","","","95","100% (1478/1478)","0% (0/0)","0% (0/0)","","","make a meeting with jenny tomorrow at 2","make an appointment with jenny at tomorrow 2 pm","0","Delete my service at 08h on Sunday.","3","make an appointment with jenny at 2 pm","2","make an appointment with jenny at tomorrow 2 pm","1","{}","{}","1"
"39I4RL8QGJMSA8FTNAB1DSG1WW74HR","3O7C9ZLMU037LI1HPYLPIAO4PD8JV4","Choose and rewrite chatbot responses","You will see responses from a chatbot and be asked to choose and/or edit valid responses","chatbot, data collection, text","$0.09","Thu Oct 13 10:48:46 PDT 2022","1","BatchId:4899871;OriginalHitTemplateId:928390845;","7200","259200","Thu Oct 20 10:48:46 PDT 2022","","","36DSNE9QZ63USRIVKWYWSMX4XF3OJT","AKQAI78JTXXC9","Submitted","Thu Oct 13 10:49:21 PDT 2022","Thu Oct 13 10:52:39 PDT 2022","Sun Oct 16 10:52:39 PDT 2022","","","","198","100% (1478/1478)","0% (0/0)","0% (0/0)","Do I have any more meeting today"," Yes , I found 3 events today . The first is "" 1 - 1 - 1 "" from 8 : 00 to 8 : 30 AM . ","Thanks . Do i have any meetings on monday morning ?","make that 10-11","3","What do I have on Monday morning?","1","Do I have a meeting Monday morning?","0","Do I have any meetings on Monday?","2","{}","{}","3"
"39TX062QX1T4E2W4S0O469CP6MTX3R","3O7C9ZLMU037LI1HPYLPIAO4PD8JV4","Choose and rewrite chatbot responses","You will see responses from a chatbot and be asked to choose and/or edit valid responses","chatbot, data collection, text","$0.09","Thu Oct 13 10:48:47 PDT 2022","1","BatchId:4899871;OriginalHitTemplateId:928390845;","7200","259200","Thu Oct 20 10:48:47 PDT 2022","","","3WSELTNVR47Z4QKZM77ITX0860QTA4","AKQAI78JTXXC9","Submitted","Thu Oct 13 10:51:56 PDT 2022","Thu Oct 13 10:56:41 PDT 2022","Sun Oct 16 10:56:41 PDT 2022","","","","285","100% (1478/1478)","0% (0/0)","0% (0/0)","ok","I 've deleted your event .","cancel the appointment at 1 : 00 PM","Schedule a meeting with the marketing department tomorrow.","3","cancel the 1 pm","2","Can you cancel my 1pm?","0","cancel the 1 pm","1","{}","{}","2"
"39WICJI5ATXTJXWJTICP3US0EMRZ3Q","3O7C9ZLMU037LI1HPYLPIAO4PD8JV4","Choose and rewrite chatbot responses","You will see responses from a chatbot and be asked to choose and/or edit valid responses","chatbot, data collection, text","$0.09","Thu Oct 13 10:48:47 PDT 2022","1","BatchId:4899871;OriginalHitTemplateId:928390845;","7200","259200","Thu Oct 20 10:48:47 PDT 2022","","","3WR9XG3T64GX437B03UQBYMQPTH476","A2LMQ4497NMK3S","Submitted","Thu Oct 13 11:53:39 PDT 2022","Thu Oct 13 11:54:23 PDT 2022","Sun Oct 16 11:54:23 PDT 2022","","","","44","100% (1103/1103)","0% (0/0)","0% (0/0)","Good can you add a scheduling task get together with Beltron on Monday at 10 am .","Is this good ?","Can you add Barb to the scheduling task ?","Yes and add Barb to the event.","0","search events","3","Can you add Barb to that?","1","Add Barb to the scheduling event.","2","{}","{}","4"
"3B9J25CZ25IKVL6ORJTI04ZRXK4SCC","3O7C9ZLMU037LI1HPYLPIAO4PD8JV4","Choose and rewrite chatbot responses","You will see responses from a chatbot and be asked to choose and/or edit valid responses","chatbot, data collection, text","$0.09","Thu Oct 13 10:48:46 PDT 2022","1","BatchId:4899871;OriginalHitTemplateId:928390845;","7200","259200","Thu Oct 20 10:48:46 PDT 2022","","","3YJ6NA41JCLCDRUWZWBBHM2U7KZJP5","AKQAI78JTXXC9","Submitted","Thu Oct 13 10:49:02 PDT 2022","Thu Oct 13 10:50:29 PDT 2022","Sun Oct 16 10:50:29 PDT 2022","","","","87","100% (1478/1478)","0% (0/0)","0% (0/0)","I need an hour long appointment at 4 tomorrrow","Is this good ?"," Name the appointment "" staff meeting "" .","change the staff meeting to be called staff meeting","2","Can you change the title to ""staff meeting""","1","Rename it to Meeting Meeting","3","Can you change the name to ""staff meeting""","0","{}","{}","2"
"3BC9H1KCYUHQ55O27GL8UKUV6LIWY3","3O7C9ZLMU037LI1HPYLPIAO4PD8JV4","Choose and rewrite chatbot responses","You will see responses from a chatbot and be asked to choose and/or edit valid responses","chatbot, data collection, text","$0.09","Thu Oct 13 10:48:45 PDT 2022","1","BatchId:4899871;OriginalHitTemplateId:928390845;","7200","259200","Thu Oct 20 10:48:45 PDT 2022","","","3OCHAWUVGPPCXK2538L4CEOAO88KXT","A2LMQ4497NMK3S","Submitted","Thu Oct 13 10:51:24 PDT 2022","Thu Oct 13 10:53:55 PDT 2022","Sun Oct 16 10:53:55 PDT 2022","","","","151","100% (1103/1103)","0% (0/0)","0% (0/0)","",""," Will Jeff , Jimmy , and Elliot be at the birthday party this weekend ?","Is Elliot coming to my birthday party this weekend?","2","Will Jeff, Jimmy, and Elliot be at my birthday party this weekend?","1","I need to cancel all my meetings for tomorrow.","0","Can you add James and Mike to this event?","3","{}","{}","2"
"3BC9H1KCYUHQ55O27GL8UKUV6LIYW5","3O7C9ZLMU037LI1HPYLPIAO4PD8JV4","Choose and rewrite chatbot responses","You will see responses from a chatbot and be asked to choose and/or edit valid responses","chatbot, data collection, text","$0.09","Thu Oct 13 10:48:45 PDT 2022","1","BatchId:4899871;OriginalHitTemplateId:928390845;","7200","259200","Thu Oct 20 10:48:45 PDT 2022","","","33SA9F9TRYZUMK55XHEFC0XYV95WER","A2RBF3IIJP15IH","Submitted","Thu Oct 13 10:49:16 PDT 2022","Thu Oct 13 10:52:42 PDT 2022","Sun Oct 16 10:52:42 PDT 2022","","","","206","100% (474/474)","0% (0/0)","0% (0/0)","Yes . I did n't make it ."," I 've deleted your event matching "" lunch date "" on August 28 th . ","Cancel my lunch last weekend with my co worker .","Can you tell me the weather for tomorrow in Greenville, NC?","3","Delete lunch with my team from last week.","2","Delete lunch from last week with my team","1","Delete lunch date with mom.","0","{}","Delete lunch with my co worker from last week.","2"
"3CIS7GGG65OF7WI6CFUD5THI3T2UEN","3O7C9ZLMU037LI1HPYLPIAO4PD8JV4","Choose and rewrite chatbot responses","You will see responses from a chatbot and be asked to choose and/or edit valid responses","chatbot, data collection, text","$0.09","Thu Oct 13 10:48:46 PDT 2022","1","BatchId:4899871;OriginalHitTemplateId:928390845;","7200","259200","Thu Oct 20 10:48:46 PDT 2022","","","3IGI0VL648PQBH9GZUQOLTEL6ZLONA","A2LMQ4497NMK3S","Submitted","Thu Oct 13 11:53:40 PDT 2022","Thu Oct 13 11:54:14 PDT 2022","Sun Oct 16 11:54:14 PDT 2022","","","","34","100% (1103/1103)","0% (0/0)","0% (0/0)","","","What will the temperature be at 3 am tomorrow ?","What will the temperature be for my meeting at 3am tomorrow?","2","What will the temperature be at 3am tomorrow?","1","What will the temperature be at 3am tomorrow?","0","what will the weather be like at the car wash","3","{}","{}","2"
"3CZH926SICJGQYORX93VSPJO4GF4EB","3O7C9ZLMU037LI1HPYLPIAO4PD8JV4","Choose and rewrite chatbot responses","You will see responses from a chatbot and be asked to choose and/or edit valid responses","chatbot, data collection, text","$0.09","Thu Oct 13 10:48:45 PDT 2022","1","BatchId:4899871;OriginalHitTemplateId:928390845;","7200","259200","Thu Oct 20 10:48:45 PDT 2022","","","3DR23U6WE6J2U31B2C94PGQZRFOETK","A2LMQ4497NMK3S","Submitted","Thu Oct 13 10:49:17 PDT 2022","Thu Oct 13 10:53:21 PDT 2022","Sun Oct 16 10:53:21 PDT 2022","","","","244","100% (1103/1103)","0% (0/0)","0% (0/0)","Let 's go with the second one .","I 've put that on your calendar .","Can you give the address of the Smithsonian National Zoo ?","Can you give me the address for Smithsonian National Zoo?","0","What is the address of the Smithsonian National Zoo?","2","fix the second one","3","What is the address of the Smithsonian National Zoo?","1","{}","{}","2"
"3D3B8GE892WLKVJTNIFX39T84FV9PX","3O7C9ZLMU037LI1HPYLPIAO4PD8JV4","Choose and rewrite chatbot responses","You will see responses from a chatbot and be asked to choose and/or edit valid responses","chatbot, data collection, text","$0.09","Thu Oct 13 10:48:44 PDT 2022","1","BatchId:4899871;OriginalHitTemplateId:928390845;","7200","259200","Thu Oct 20 10:48:44 PDT 2022","","","3BDCF01OGYZCHVAXT4J7AS8YFE7LY3","A2RBF3IIJP15IH","Submitted","Thu Oct 13 10:49:26 PDT 2022","Thu Oct 13 10:56:34 PDT 2022","Sun Oct 16 10:56:34 PDT 2022","","","","428","100% (474/474)","0% (0/0)","0% (0/0)","Decline the sales meeting tomorrow and say I had another meeting at the same time ."," I will decline "" Sales Meeting "" and send a response to the organizer with the following comment : "" I had another meeting at the same time "" . Is that ok ? ","Accept the invite for next week .","MAKE A ONE HOUR LUNCH THIS AFTERNOON","3","Accept that please.","1","Accept the meeting for next week","0","Accept the meeting for next week","2","{}","{}","3"
"3DIIW4IV8P0S63QDTSTMD4HGW9M4IK","3O7C9ZLMU037LI1HPYLPIAO4PD8JV4","Choose and rewrite chatbot responses","You will see responses from a chatbot and be asked to choose and/or edit valid responses","chatbot, data collection, text","$0.09","Thu Oct 13 10:48:46 PDT 2022","1","BatchId:4899871;OriginalHitTemplateId:928390845;","7200","259200","Thu Oct 20 10:48:46 PDT 2022","","","3YDGXNSEO0Z14HCUA8MWPYIL0DN48T","A2LMQ4497NMK3S","Submitted","Thu Oct 13 11:53:44 PDT 2022","Thu Oct 13 11:55:11 PDT 2022","Sun Oct 16 11:55:11 PDT 2022","","","","87","100% (1103/1103)","0% (0/0)","0% (0/0)","","","Did I have any meetings early next week ?","Can you tell me when my next block of free time is?","1","Do I have any meetings early next week?","0","What do I have early next week?","2","Make my Car Seats happen in the PM","3","{}","{}","2"
"3DWNFENNE30O1EAJBAEMP5WG9OB4JW","3O7C9ZLMU037LI1HPYLPIAO4PD8JV4","Choose and rewrite chatbot responses","You will see responses from a chatbot and be asked to choose and/or edit valid responses","chatbot, data collection, text","$0.09","Thu Oct 13 10:48:47 PDT 2022","1","BatchId:4899871;OriginalHitTemplateId:928390845;","7200","259200","Thu Oct 20 10:48:47 PDT 2022","","","3300DTYQT3MP2N9JL8F9KBFC78PEQ6","A2LMQ4497NMK3S","Submitted","Thu Oct 13 10:49:08 PDT 2022","Thu Oct 13 10:50:27 PDT 2022","Sun Oct 16 10:50:27 PDT 2022","","","","79","100% (1103/1103)","0% (0/0)","0% (0/0)","do I have anything around 1 pm on Tuesday ?"," Yes , I found one event tomorrow . It 's "" IM Burger "" from 2 : 00 to 2 : 30 . ","Please change this to In N Out Burger and make it around 5 pm","Can you rename that to In N Burger Burger and make it start around 5 pm?","1","Can you rename that to In N Out Burger and make it start around 5 pm instead?","0","Can you change that to be at In N Out Burger and then at around 5 pm?","2","Find me Texas Roadhouse in reno","3","{}","{}","1"
"3EHVO81VN5QBI9IA0SSZFU9YKCX1HB","3O7C9ZLMU037LI1HPYLPIAO4PD8JV4","Choose and rewrite chatbot responses","You will see responses from a chatbot and be asked to choose and/or edit valid responses","chatbot, data collection, text","$0.09","Thu Oct 13 10:48:45 PDT 2022","1","BatchId:4899871;OriginalHitTemplateId:928390845;","7200","259200","Thu Oct 20 10:48:45 PDT 2022","","","3JV9LGBJWUJK1PSUCQDTV95O5NMOGP","AKQAI78JTXXC9","Submitted","Thu Oct 13 10:49:12 PDT 2022","Thu Oct 13 10:51:49 PDT 2022","Sun Oct 16 10:51:49 PDT 2022","","","","157","100% (1478/1478)","0% (0/0)","0% (0/0)","I changed my mine . I want it earlier than the first suggested time so that I can go to have lunch with Ann .","Does one of these work ?","The last one","The bottom one please","0","The bottom one please","2","I like the earlier one.","1","Delete my service at 08h on Sunday.","3","{}","{}","1"
"3FCO4VKOZ4ID9L6AZ712V13YVI57EY","3O7C9ZLMU037LI1HPYLPIAO4PD8JV4","Choose and rewrite chatbot responses","You will see responses from a chatbot and be asked to choose and/or edit valid responses","chatbot, data collection, text","$0.09","Thu Oct 13 10:48:47 PDT 2022","1","BatchId:4899871;OriginalHitTemplateId:928390845;","7200","259200","Thu Oct 20 10:48:47 PDT 2022","","","37U1UTWH9WR85NESLKI9XRTVSRTR8L","AKQAI78JTXXC9","Submitted","Thu Oct 13 10:49:37 PDT 2022","Thu Oct 13 10:55:15 PDT 2022","Sun Oct 16 10:55:15 PDT 2022","","","","338","100% (1478/1478)","0% (0/0)","0% (0/0)","","","make a party with waugh the day after tomorrow 7 . 00 to 7 . 30 apm","Can you tell me the weather for tomorrow in Greenville, NC?","0","the party with waugh ends the day after tomorrow at 7.30 pm","2","Can you add Barb to that?","3","the party with waugh ends the day after tomorrow at 7:30 pm","1","{}","Create a party with waugh the day after tomorrow 7 . 00 to 7 . 30 pm",""
"3H6W48L9F4UWWRW1GTPPHT1J2GFPW2","3O7C9ZLMU037LI1HPYLPIAO4PD8JV4","Choose and rewrite chatbot responses","You will see responses from a chatbot and be asked to choose and/or edit valid responses","chatbot, data collection, text","$0.09","Thu Oct 13 10:48:46 PDT 2022","1","BatchId:4899871;OriginalHitTemplateId:928390845;","7200","259200","Thu Oct 20 10:48:46 PDT 2022","","","33SA9F9TRYZUMK55XHEFC0XYV96EWA","A2RBF3IIJP15IH","Submitted","Thu Oct 13 10:49:22 PDT 2022","Thu Oct 13 10:55:13 PDT 2022","Sun Oct 16 10:55:13 PDT 2022","","","","351","100% (474/474)","0% (0/0)","0% (0/0)","Show me my product launch next week"," The "" product launch "" is on April 3 rd from 9 : 00 to 9 : 30 AM . ","I actually wanted the cider tasting in May","i meant the cider tasting in May","2","i meant the cider tasting in May","0","fix the second one","3","i meant the cider tasting in May","1","{}","{}","1"
"3HEM8MA6H9HRCU0F4KQJP4JXEFYPQY","3O7C9ZLMU037LI1HPYLPIAO4PD8JV4","Choose and rewrite chatbot responses","You will see responses from a chatbot and be asked to choose and/or edit valid responses","chatbot, data collection, text","$0.09","Thu Oct 13 10:48:44 PDT 2022","1","BatchId:4899871;OriginalHitTemplateId:928390845;","7200","259200","Thu Oct 20 10:48:44 PDT 2022","","","3QRYMNZ7FZM6O9EOVBCNF3K857PTNO","AKQAI78JTXXC9","Submitted","Thu Oct 13 10:52:41 PDT 2022","Thu Oct 13 10:57:20 PDT 2022","Sun Oct 16 10:57:20 PDT 2022","","","","279","100% (1478/1478)","0% (0/0)","0% (0/0)","Please change meeting with kay to 2 pm .","I did n't find any events with kay .","next meeting with jesse","What meeting do I have in an hour?","3","what is my next meeting with jesse","1","What is my next event with Tristan?","2","what is my next meeting with jesse","0","{}","{}","2"
"3HUR21WDDUU5U5TSHLHUW382FNOYXY","3O7C9ZLMU037LI1HPYLPIAO4PD8JV4","Choose and rewrite chatbot responses","You will see responses from a chatbot and be asked to choose and/or edit valid responses","chatbot, data collection, text","$0.09","Thu Oct 13 10:48:45 PDT 2022","1","BatchId:4899871;OriginalHitTemplateId:928390845;","7200","259200","Thu Oct 20 10:48:45 PDT 2022","","","3ZDAD0O1T2IB03SSXHZWD5B67LZTX8","AKQAI78JTXXC9","Submitted","Thu Oct 13 10:49:30 PDT 2022","Thu Oct 13 10:53:32 PDT 2022","Sun Oct 16 10:53:32 PDT 2022","","","","242","100% (1478/1478)","0% (0/0)","0% (0/0)","Thank you adding drinks on my calendar .","Let me know if there 's anything else I can help you with .","Make drinks tomorrow at 8 : 00 pm 1 . 5 hours long .","Update drinks tomorrow at 8:00 to 1.5 hours.","1","Add drinks tomorrow at 8 pm for 2 and a half hours.","2","Add drinks to my calendar tomorrow at 8 pm for 1.5 hours","0","What meeting do I have in an hour?","3","{}","{}","1"
"3HXCEECSQMYUZ0T7I35FTOODNNMYZV","3O7C9ZLMU037LI1HPYLPIAO4PD8JV4","Choose and rewrite chatbot responses","You will see responses from a chatbot and be asked to choose and/or edit valid responses","chatbot, data collection, text","$0.09","Thu Oct 13 10:48:46 PDT 2022","1","BatchId:4899871;OriginalHitTemplateId:928390845;","7200","259200","Thu Oct 20 10:48:46 PDT 2022","","","39N5ACM9HFSN7FHNDKKYSSORBFN9P0","AKQAI78JTXXC9","Submitted","Thu Oct 13 10:49:16 PDT 2022","Thu Oct 13 10:52:08 PDT 2022","Sun Oct 16 10:52:08 PDT 2022","","","","172","100% (1478/1478)","0% (0/0)","0% (0/0)","","","Could you please tell me what the weather be like at the car wash appointment","How old are you?","1","What will the temperature be at 3am tomorrow?","3","what will the weather be like at the car wash","2","What will the weather be like for my car wash appointment?","0","{}","{}","4"
"3HY86PZXPYNZYZR8ARKTURCLSW51EV","3O7C9ZLMU037LI1HPYLPIAO4PD8JV4","Choose and rewrite chatbot responses","You will see responses from a chatbot and be asked to choose and/or edit valid responses","chatbot, data collection, text","$0.09","Thu Oct 13 10:48:44 PDT 2022","1","BatchId:4899871;OriginalHitTemplateId:928390845;","7200","259200","Thu Oct 20 10:48:44 PDT 2022","","","369J354OFEFUCJMQCURZE9JXKNT6GJ","A2LMQ4497NMK3S","Submitted","Thu Oct 13 10:52:29 PDT 2022","Thu Oct 13 10:55:21 PDT 2022","Sun Oct 16 10:55:21 PDT 2022","","","","172","100% (1103/1103)","0% (0/0)","0% (0/0)","Hello ! Please can you tell me if I have any scheduled events this upcoming weekend ?"," I found 1 event this weekend . It 's "" Pwn some Bandits "" on Saturday from 3 : 00 to 3 : 30 PM . ","What about next weekend","What do I have next weekend?","1","Find my lunch date today with sam.","3","What about next week?","2","What about next weekend?","0","{}","{}","4"
"3IH9TRB0FB4BE4TU6AAKF6ADKPC1I4","3O7C9ZLMU037LI1HPYLPIAO4PD8JV4","Choose and rewrite chatbot responses","You will see responses from a chatbot and be asked to choose and/or edit valid responses","chatbot, data collection, text","$0.09","Thu Oct 13 10:48:45 PDT 2022","1","BatchId:4899871;OriginalHitTemplateId:928390845;","7200","259200","Thu Oct 20 10:48:45 PDT 2022","","","3PZDLQMM0UQTD6NKN6JDY5H66QYC2X","A2LMQ4497NMK3S","Submitted","Thu Oct 13 10:49:10 PDT 2022","Thu Oct 13 10:51:29 PDT 2022","Sun Oct 16 10:51:29 PDT 2022","","","","139","100% (1103/1103)","0% (0/0)","0% (0/0)","Look well","I 've put that on your calendar .","Check for Apex at 3 .","Check for Apex at 3.","0","Can you show me my interview tomorrow?","3","Apex for Apex starts at 3.","1","Check for Apex at 3.","2","{}","{}","1"
"3IVEC1GSLP479FD0OSVKR7PDX411JG","3O7C9ZLMU037LI1HPYLPIAO4PD8JV4","Choose and rewrite chatbot responses","You will see responses from a chatbot and be asked to choose and/or edit valid responses","chatbot, data collection, text","$0.09","Thu Oct 13 10:48:46 PDT 2022","1","BatchId:4899871;OriginalHitTemplateId:928390845;","7200","259200","Thu Oct 20 10:48:46 PDT 2022","","","3DY4FPOOA2T6GZA5TDTJP5D33PUVRU","A2LMQ4497NMK3S","Submitted","Thu Oct 13 10:51:57 PDT 2022","Thu Oct 13 10:54:55 PDT 2022","Sun Oct 16 10:54:55 PDT 2022","","","","178","100% (1103/1103)","0% (0/0)","0% (0/0)","schedule a meeting with the marketing department tomorrow .","I can only look up names in your address book . Please use a full name and try again .","Schedule a meeting with Marcus from the marketing department tomorrow .","Is Elliot coming to my birthday party this weekend?","3","schedule a meeting with Marcus on tomorrow for the meeting department","2","Schedule a meeting with the marketing department tomorrow.","0","Can you find Jack Sparrow's address?","1","{}","{}","3"
"3IVKZBIBJ0EBCTH4DB7JBVW7AC9SHL","3O7C9ZLMU037LI1HPYLPIAO4PD8JV4","Choose and rewrite chatbot responses","You will see responses from a chatbot and be asked to choose and/or edit valid responses","chatbot, data collection, text","$0.09","Thu Oct 13 10:48:48 PDT 2022","1","BatchId:4899871;OriginalHitTemplateId:928390845;","7200","259200","Thu Oct 20 10:48:48 PDT 2022","","","3Q8GYXHFEQ7LC3675PLBWCKIQ0PC5Y","A2RBF3IIJP15IH","Submitted","Thu Oct 13 10:49:21 PDT 2022","Thu Oct 13 10:55:04 PDT 2022","Sun Oct 16 10:55:04 PDT 2022","","","","343","100% (474/474)","0% (0/0)","0% (0/0)","It needs to be on May 3 rd please","Is this good ?","yes it is","I like turtles.","1","yes","2","Schedule the appointment for 12:00 PM. Also, please schedule a Celebratory Dinner with Thomas tomorrow around 6:30 PM.","3","yes","0","{}","{}","2"
"3J9L0X0VDFRB44GUZ4TSV314XCY9WS","3O7C9ZLMU037LI1HPYLPIAO4PD8JV4","Choose and rewrite chatbot responses","You will see responses from a chatbot and be asked to choose and/or edit valid responses","chatbot, data collection, text","$0.09","Thu Oct 13 10:48:48 PDT 2022","1","BatchId:4899871;OriginalHitTemplateId:928390845;","7200","259200","Thu Oct 20 10:48:48 PDT 2022","","","3WQQ9FUS6BZLPGX3PNWJXCORA5RB8T","A2LMQ4497NMK3S","Submitted","Thu Oct 13 10:52:27 PDT 2022","Thu Oct 13 10:55:28 PDT 2022","Sun Oct 16 10:55:28 PDT 2022","","","","181","100% (1103/1103)","0% (0/0)","0% (0/0)","",""," Are there waiters at Buenos Grill in Reno , NV ?","Does Buenos Grill in Reno have takeout?","1","Does Buenos Grill in Reno, NV have waiter service?","0","Does Buenos Grill in Reno have waiter service?","2","What do I have on Monday morning?","3","{}","{}","2"
"3JHB4BPSFKE6K7K8NVUM3EJI9BH9QO","3O7C9ZLMU037LI1HPYLPIAO4PD8JV4","Choose and rewrite chatbot responses","You will see responses from a chatbot and be asked to choose and/or edit valid responses","chatbot, data collection, text","$0.09","Thu Oct 13 10:48:45 PDT 2022","1","BatchId:4899871;OriginalHitTemplateId:928390845;","7200","259200","Thu Oct 20 10:48:45 PDT 2022","","","3ZAK8W07I5JI3Q16UA0Z9NAXGSLU05","AKQAI78JTXXC9","Submitted","Thu Oct 13 10:49:36 PDT 2022","Thu Oct 13 10:54:35 PDT 2022","Sun Oct 16 10:54:35 PDT 2022","","","","299","100% (1478/1478)","0% (0/0)","0% (0/0)","The second one works well for my schedule .","I 've put that on your calendar .","Create a Sales Team Meeting one hour after the Appointment .","Book a Sales Team Meeting 1 hour after my last meeting today.","2","Can you rename that to In N Burger Burger and make it start around 5 pm?","3","Add a Sales Team Meeting an hour after that.","1","Book a Sales Team Meeting 1 hour after my Appointment.","0","{}","{}","3"
"3KI0JD2ZU1N9W6DVTPI4JDBLEKH76D","3O7C9ZLMU037LI1HPYLPIAO4PD8JV4","Choose and rewrite chatbot responses","You will see responses from a chatbot and be asked to choose and/or edit valid responses","chatbot, data collection, text","$0.09","Thu Oct 13 10:48:44 PDT 2022","1","BatchId:4899871;OriginalHitTemplateId:928390845;","7200","259200","Thu Oct 20 10:48:44 PDT 2022","","","3QY5DC2MXSP90UGWXSJKCUX1MUAFUU","AKQAI78JTXXC9","Submitted","Thu Oct 13 10:50:54 PDT 2022","Thu Oct 13 10:56:15 PDT 2022","Sun Oct 16 10:56:15 PDT 2022","","","","321","100% (1478/1478)","0% (0/0)","0% (0/0)","Change it to Stop & Go .","Could you be more specific with your request ?","Change the title to Stop & Go","Change the title to Stop & Go & &","2","What meeting do I have an hour from now?","3","Change the title to Stop & Go &","1","Change the title to Stop & Go","0","{}","Change the event title to Stop & Go",""
"3KTCJ4SCVG6XANJLRP8C7ZHU1YW1MK","3O7C9ZLMU037LI1HPYLPIAO4PD8JV4","Choose and rewrite chatbot responses","You will see responses from a chatbot and be asked to choose and/or edit valid responses","chatbot, data collection, text","$0.09","Thu Oct 13 10:48:46 PDT 2022","1","BatchId:4899871;OriginalHitTemplateId:928390845;","7200","259200","Thu Oct 20 10:48:46 PDT 2022","","","3YMU66OBIODA98678DI3B08NT18HGU","AKQAI78JTXXC9","Submitted","Thu Oct 13 10:49:33 PDT 2022","Thu Oct 13 10:53:54 PDT 2022","Sun Oct 16 10:53:54 PDT 2022","","","","261","100% (1478/1478)","0% (0/0)","0% (0/0)","Do I have anything Sunday evening ?"," No , I did n't find any events on Sunday the 8 th evening . ","What events do I have this month with Ramon ?","What events do I have with Ramon this month?","1","What events do I have this month with Ramon?","0","What events do I have this month with Ramon?","2","Cancel my meeting with Kim Possible tomorrow.","3","{}","{}","1"
"3LCXHSGDLTBZSJQ2NAZDQSZUIWHSE5","3O7C9ZLMU037LI1HPYLPIAO4PD8JV4","Choose and rewrite chatbot responses","You will see responses from a chatbot and be asked to choose and/or edit valid responses","chatbot, data collection, text","$0.09","Thu Oct 13 10:48:46 PDT 2022","1","BatchId:4899871;OriginalHitTemplateId:928390845;","7200","259200","Thu Oct 20 10:48:46 PDT 2022","","","37QW5D2ZRHRK62E509IEN1YRETCS8A","A2LMQ4497NMK3S","Submitted","Thu Oct 13 10:51:28 PDT 2022","Thu Oct 13 10:54:35 PDT 2022","Sun Oct 16 10:54:35 PDT 2022","","","","187","100% (1103/1103)","0% (0/0)","0% (0/0)","I 'm having super secret downtime next Tuesday from 1 to 5 .","Is this good ?","Can you make super secret downtime be on Wednesday ?","No, it should actually be next Wednesday.","1","I meant the one on Thursday.","3","Can you change that to Wednesday?","0","Can you change that to Wednesday?","2","{}","{}","3"
"3LXX8KJXPWE3ZV7S8I2IE9OIUAZ9OG","3O7C9ZLMU037LI1HPYLPIAO4PD8JV4","Choose and rewrite chatbot responses","You will see responses from a chatbot and be asked to choose and/or edit valid responses","chatbot, data collection, text","$0.09","Thu Oct 13 10:48:44 PDT 2022","1","BatchId:4899871;OriginalHitTemplateId:928390845;","7200","259200","Thu Oct 20 10:48:44 PDT 2022","","","3CFJTT4SXUVRCA6QLSWU5ZW9UB47IA","A2LMQ4497NMK3S","Submitted","Thu Oct 13 10:49:15 PDT 2022","Thu Oct 13 10:53:47 PDT 2022","Sun Oct 16 10:53:47 PDT 2022","","","","272","100% (1103/1103)","0% (0/0)","0% (0/0)","Is that a good place for a group meal ?"," Yes , Twisted Fork is good for groups . ","Texas Roadhouse in reno","Find me Texas Roadhouse in reno","1","Find me Texas Roadhouse in reno","0","What's the weather like at Texas Roadhouse in reno?","2","Can you add James Karl and Mike to this event?","3","{}","{}","1"
"3MG8450X2OFJ4N7WLTAOZ5GMH04PU3","3O7C9ZLMU037LI1HPYLPIAO4PD8JV4","Choose and rewrite chatbot responses","You will see responses from a chatbot and be asked to choose and/or edit valid responses","chatbot, data collection, text","$0.09","Thu Oct 13 10:48:45 PDT 2022","1","BatchId:4899871;OriginalHitTemplateId:928390845;","7200","259200","Thu Oct 20 10:48:45 PDT 2022","","","3F0BG9B9MQSD2ALVPAIXRNQXKU2Y77","AKQAI78JTXXC9","Submitted","Thu Oct 13 10:51:57 PDT 2022","Thu Oct 13 10:57:01 PDT 2022","Sun Oct 16 10:57:01 PDT 2022","","","","304","100% (1478/1478)","0% (0/0)","0% (0/0)","I need a meeting with kim and her skip tomorrow morning .","Here are some times when everyone is free .","Is it possible I can cancel my meeting with Kim Possible tommorrow ?","Cancel my meeting with Kim Possible tomorrow.","2","No, they don't.","1","Cancel my meeting with Kim Possible tomorrow.","0","fix the first one","3","{}","Can you cancel my meeting with Kim Possible tomorrow?",""
"3NC6WP7WJHPMG0T2SF3K9N9FVDIWW4","3O7C9ZLMU037LI1HPYLPIAO4PD8JV4","Choose and rewrite chatbot responses","You will see responses from a chatbot and be asked to choose and/or edit valid responses","chatbot, data collection, text","$0.09","Thu Oct 13 10:48:44 PDT 2022","1","BatchId:4899871;OriginalHitTemplateId:928390845;","7200","259200","Thu Oct 20 10:48:44 PDT 2022","","","3TYCR1GOTDOCMLK2PQLQOZH0L8BLZU","A2RBF3IIJP15IH","Submitted","Thu Oct 13 10:49:27 PDT 2022","Thu Oct 13 10:57:23 PDT 2022","Sun Oct 16 10:57:23 PDT 2022","","","","476","100% (474/474)","0% (0/0)","0% (0/0)","","","I need to move my meeting with Jeron to later on this week .","Move my meeting with Jeron to later this week.","2","Move my meeting with Jeron to later this week.","1","Move my meeting with Jeron to sometime this week.","0","What do I have on Monday morning?","3","{}","{}","1"
"3NOEP8XAU47BLR1RQYLBJCFQBILPXV","3O7C9ZLMU037LI1HPYLPIAO4PD8JV4","Choose and rewrite chatbot responses","You will see responses from a chatbot and be asked to choose and/or edit valid responses","chatbot, data collection, text","$0.09","Thu Oct 13 10:48:47 PDT 2022","1","BatchId:4899871;OriginalHitTemplateId:928390845;","7200","259200","Thu Oct 20 10:48:47 PDT 2022","","","3TMSXRD2X75V2JBTLTJ05GE4602W19","A2LMQ4497NMK3S","Submitted","Thu Oct 13 10:51:59 PDT 2022","Thu Oct 13 10:55:06 PDT 2022","Sun Oct 16 10:55:06 PDT 2022","","","","187","100% (1103/1103)","0% (0/0)","0% (0/0)","What 's on my schedule on Friday"," You have one event on your calendar . Your "" rally "" is on Friday from 9 : 00 to 11 : 00 AM . ","How about on Saturday","What's on my schedule on Saturday?","2","Oh I meant Saturday","0","change the staff meeting to be called staff meeting","3","Oh I meant Saturday","1","{}","{}","2"
"3NRZ1LDP7WB0QM16RG9WGXV1JIJPZS","3O7C9ZLMU037LI1HPYLPIAO4PD8JV4","Choose and rewrite chatbot responses","You will see responses from a chatbot and be asked to choose and/or edit valid responses","chatbot, data collection, text","$0.09","Thu Oct 13 10:48:48 PDT 2022","1","BatchId:4899871;OriginalHitTemplateId:928390845;","7200","259200","Thu Oct 20 10:48:48 PDT 2022","","","3LOTDFNYA84MSY51SSYLUIIY7AKWF9","A2LMQ4497NMK3S","Submitted","Thu Oct 13 10:49:16 PDT 2022","Thu Oct 13 10:53:34 PDT 2022","Sun Oct 16 10:53:34 PDT 2022","","","","258","100% (1103/1103)","0% (0/0)","0% (0/0)","I need to move my appointment with Matt to sometime between the 3 rd and 8 th of December .","How is this ?","Can we change that to later in the week ?","create meeting in main room on tuesday at 8","3","I need it to be later in the week.","0","I need it to be later in the week.","2","I need to move it to later this week.","1","{}","{}","2"
"3O0M2G5VC67ZV2XAPYN90BIDDJZ491","3O7C9ZLMU037LI1HPYLPIAO4PD8JV4","Choose and rewrite chatbot responses","You will see responses from a chatbot and be asked to choose and/or edit valid responses","chatbot, data collection, text","$0.09","Thu Oct 13 10:48:44 PDT 2022","1","BatchId:4899871;OriginalHitTemplateId:928390845;","7200","259200","Thu Oct 20 10:48:44 PDT 2022","","","323Q6SJS8JL4V8ACXTCLTF8BSM8HFV","AKQAI78JTXXC9","Submitted","Thu Oct 13 10:49:31 PDT 2022","Thu Oct 13 10:53:41 PDT 2022","Sun Oct 16 10:53:41 PDT 2022","","","","250","100% (1478/1478)","0% (0/0)","0% (0/0)","","","What events do I have after 14 : 00 tomorrow ?","Add to calendar dirty 30 with Brenda on the 18th at noon.","3","What do I have after 1400?","2","What do I have going on after 14h tomorrow?","1","What do I have going on after 1400 tomorrow?","0","{}","{}","4"
"3OJX0UFJ0ZCYC0RP44ERDFG7CWMU9D","3O7C9ZLMU037LI1HPYLPIAO4PD8JV4","Choose and rewrite chatbot responses","You will see responses from a chatbot and be asked to choose and/or edit valid responses","chatbot, data collection, text","$0.09","Thu Oct 13 10:48:44 PDT 2022","1","BatchId:4899871;OriginalHitTemplateId:928390845;","7200","259200","Thu Oct 20 10:48:44 PDT 2022","","","3ZAZR5XV02NJJHQWCDSRLGRDRZWZCR","A2LMQ4497NMK3S","Submitted","Thu Oct 13 10:49:06 PDT 2022","Thu Oct 13 10:50:46 PDT 2022","Sun Oct 16 10:50:46 PDT 2022","","","","100","100% (1103/1103)","0% (0/0)","0% (0/0)","Provide me with a list of my reports ."," Your direct reports are Abby Gonano , Jesse Rosenfeld and 1 other . ","Can you schedule a meeting with the reports tomorrow at 2 ?","please make a meet with my direct reports","0","Add Larry Smith, Bill, and Danny to the meeting with John Smith.","3","Can you make an event for tomorrow at 2pm","2","Set up a meeting with my reports for 2 pm tomorrow.","1","{}","{}","4"
"3OJX0UFJ0ZCYC0RP44ERDFG7CWN9UT","3O7C9ZLMU037LI1HPYLPIAO4PD8JV4","Choose and rewrite chatbot responses","You will see responses from a chatbot and be asked to choose and/or edit valid responses","chatbot, data collection, text","$0.09","Thu Oct 13 10:48:47 PDT 2022","1","BatchId:4899871;OriginalHitTemplateId:928390845;","7200","259200","Thu Oct 20 10:48:47 PDT 2022","","","3AAJC4I4FHX6RVW2M59D8K48HJJZJJ","A2LMQ4497NMK3S","Submitted","Thu Oct 13 11:53:40 PDT 2022","Thu Oct 13 11:54:06 PDT 2022","Sun Oct 16 11:54:06 PDT 2022","","","","26","100% (1103/1103)","0% (0/0)","0% (0/0)","Looks great","I 've put that on your calendar .","What meeting do I have scheduled in 1 hour ?","What meeting do I have in an hour?","2","Fran should be disinvited since she is out of town.","3","What do I have an hour from now?","1","What meeting do I have an hour from now?","0","{}","{}","1"
"3P458N04Q1MFTK0LO0AZNZ7X08TX2G","3O7C9ZLMU037LI1HPYLPIAO4PD8JV4","Choose and rewrite chatbot responses","You will see responses from a chatbot and be asked to choose and/or edit valid responses","chatbot, data collection, text","$0.09","Thu Oct 13 10:48:47 PDT 2022","1","BatchId:4899871;OriginalHitTemplateId:928390845;","7200","259200","Thu Oct 20 10:48:47 PDT 2022","","","3AAPLD8UCDMEEDSDSDHAAJNCJVGHT3","AKQAI78JTXXC9","Submitted","Thu Oct 13 10:49:38 PDT 2022","Thu Oct 13 10:55:21 PDT 2022","Sun Oct 16 10:55:21 PDT 2022","","","","343","100% (1478/1478)","0% (0/0)","0% (0/0)","What did I do yesterday ?"," I found one event yesterday . It was "" Appointment "" from 9 : 00 to 9 : 30 AM . ","How about the day before yesterday ?","When was my longest meeting last week?","1","And the day before yesterday?","2","Can you tell me the weather for tomorrow in Greenville, NC?","3","And the day before yesterday?","0","{}","{}","4"
"3P7QK0GJ3TQ4YF00PIYKKKN888RZ2F","3O7C9ZLMU037LI1HPYLPIAO4PD8JV4","Choose and rewrite chatbot responses","You will see responses from a chatbot and be asked to choose and/or edit valid responses","chatbot, data collection, text","$0.09","Thu Oct 13 10:48:47 PDT 2022","1","BatchId:4899871;OriginalHitTemplateId:928390845;","7200","259200","Thu Oct 20 10:48:47 PDT 2022","","","3PS7W85Z807LZ7AUU1TIX2PO0I89T5","AKQAI78JTXXC9","Submitted","Thu Oct 13 10:49:35 PDT 2022","Thu Oct 13 10:54:22 PDT 2022","Sun Oct 16 10:54:22 PDT 2022","","","","287","100% (1478/1478)","0% (0/0)","0% (0/0)","I had a birthday party event for Emily last saturday at 12 pm","Is this what you 're looking for ?","James Karl and Mike showed up at the party as well .","Can you add James, Karl, and Mike to this event?","0","Add dinner with Karina for last Saturday at 8 pm.","3","Can you add James and Mike to this event?","2","Can you add James Karl and Mike to this event?","1","{}","James, Karl and Mike attended that event as well.",""
"3QD8LUVX4X37SHJ86JCXL6A9KIKX5H","3O7C9ZLMU037LI1HPYLPIAO4PD8JV4","Choose and rewrite chatbot responses","You will see responses from a chatbot and be asked to choose and/or edit valid responses","chatbot, data collection, text","$0.09","Thu Oct 13 10:48:47 PDT 2022","1","BatchId:4899871;OriginalHitTemplateId:928390845;","7200","259200","Thu Oct 20 10:48:47 PDT 2022","","","3HRMW88U17VZQIWXL89DIDT336IM05","AKQAI78JTXXC9","Submitted","Thu Oct 13 10:49:32 PDT 2022","Thu Oct 13 10:53:45 PDT 2022","Sun Oct 16 10:53:45 PDT 2022","","","","253","100% (1478/1478)","0% (0/0)","0% (0/0)","Set pick up Mark 's gift this morning","Does one of these work ?","I 'll take the earlier morning one .","MAKE A ONE HOUR LUNCH TONIGHT","3","Set it for early morning","2","Pick the earlier time.","0","The one in the morning.","1","{}","{}","3"
"3QE4DGPGBRGEACKI34TJSS40HWU4GS","3O7C9ZLMU037LI1HPYLPIAO4PD8JV4","Choose and rewrite chatbot responses","You will see responses from a chatbot and be asked to choose and/or edit valid responses","chatbot, data collection, text","$0.09","Thu Oct 13 10:48:46 PDT 2022","1","BatchId:4899871;OriginalHitTemplateId:928390845;","7200","259200","Thu Oct 20 10:48:46 PDT 2022","","","3TOK3KHVJUN18WHTJN9ZPWSV6K37O5","A2RBF3IIJP15IH","Submitted","Thu Oct 13 10:49:28 PDT 2022","Thu Oct 13 10:58:11 PDT 2022","Sun Oct 16 10:58:11 PDT 2022","","","","523","100% (474/474)","0% (0/0)","0% (0/0)","check the event # RoadTrip on 24 th Jan"," I found one event matching "" # RoadTrip "" on Friday the 24 th . It 's "" # RoadTrip "" from 12 : 00 to 12 : 30 PM . "," Please add "" dirty 30 with Brenda "" on the 18 th at noon .","Add ""dirty 30 with Brenda"" for the 18th at noon.","1","Add to calendar dirty 30 with Brenda on the 18th at noon.","2","Dinner can't be on the weekend.","3","add ""dirty 30 with Brenda"" on the 18th at noon","0","{}","{}","1"
"3QXFBUZ4ZKLDRAEXIAK15W2UG9HUG4","3O7C9ZLMU037LI1HPYLPIAO4PD8JV4","Choose and rewrite chatbot responses","You will see responses from a chatbot and be asked to choose and/or edit valid responses","chatbot, data collection, text","$0.09","Thu Oct 13 10:48:46 PDT 2022","1","BatchId:4899871;OriginalHitTemplateId:928390845;","7200","259200","Thu Oct 20 10:48:46 PDT 2022","","","31T4R4OBOTL0Z7KQTI08UWYEH6KC7D","A2LMQ4497NMK3S","Submitted","Thu Oct 13 10:49:22 PDT 2022","Thu Oct 13 10:52:32 PDT 2022","Sun Oct 16 10:52:32 PDT 2022","","","","190","100% (1103/1103)","0% (0/0)","0% (0/0)","Move the dentist appointment to next Saturday .","Is this the update you want ?","Book a lunch for next wednesday with sarah and her boss","Schedule a lunch with the manager and myself for next Wednesday.","2","The one in the morning.","3","Add a lunch with sarah's manager next wednesday","1","Schedule a lunch with the manager for next Wednesday.","0","{}","{}","3"
"3R0WOCG21MEAFQ46GKJTZBZX3H1UDU","3O7C9ZLMU037LI1HPYLPIAO4PD8JV4","Choose and rewrite chatbot responses","You will see responses from a chatbot and be asked to choose and/or edit valid responses","chatbot, data collection, text","$0.09","Thu Oct 13 10:48:46 PDT 2022","1","BatchId:4899871;OriginalHitTemplateId:928390845;","7200","259200","Thu Oct 20 10:48:46 PDT 2022","","","3U4J9857OFGHP2SKFI4DJCSWZLLB76","A2LMQ4497NMK3S","Submitted","Thu Oct 13 10:52:25 PDT 2022","Thu Oct 13 10:55:49 PDT 2022","Sun Oct 16 10:55:49 PDT 2022","","","","204","100% (1103/1103)","0% (0/0)","0% (0/0)"," Oh dear , I just realized I need it to be 2 hours instead of half an hour . ","Is this the change you want to make ?","Actually can you make that 3 hours and a half just to be safe ?","Schedule a morning check-in in with Pete at Starbucks on Thursday at 10:30 am.","3","No, I need it to last for more than 3 and a half hours.","2","No, I need it to be 3 and a half hours long.","0","No, I need it to be 3 and a half hours instead.","1","{}","{}","4"
"3R16PJFTS3WJCYG1TVEYQKWTODB4KV","3O7C9ZLMU037LI1HPYLPIAO4PD8JV4","Choose and rewrite chatbot responses","You will see responses from a chatbot and be asked to choose and/or edit valid responses","chatbot, data collection, text","$0.09","Thu Oct 13 10:48:47 PDT 2022","1","BatchId:4899871;OriginalHitTemplateId:928390845;","7200","259200","Thu Oct 20 10:48:47 PDT 2022","","","3M0BCWMB8W1WFHTLNQCPBSRDSCSWBR","A2LMQ4497NMK3S","Submitted","Thu Oct 13 10:49:06 PDT 2022","Thu Oct 13 10:50:59 PDT 2022","Sun Oct 16 10:50:59 PDT 2022","","","","113","100% (1103/1103)","0% (0/0)","0% (0/0)","No"," Ok , I wo n't do anything for now . Let me know what else I can help you with . ","Can you tell me when I have a drs appt this week ?","search for dr appt this week","1","when is my dr appt this week?","0","Can you change the title to ""staff meeting""","3","Can you search for my dr appt this week?","2","{}","{}","2"
"3R5OYNIC2CE44AS7LOKEU9UKYMXPTC","3O7C9ZLMU037LI1HPYLPIAO4PD8JV4","Choose and rewrite chatbot responses","You will see responses from a chatbot and be asked to choose and/or edit valid responses","chatbot, data collection, text","$0.09","Thu Oct 13 10:48:45 PDT 2022","1","BatchId:4899871;OriginalHitTemplateId:928390845;","7200","259200","Thu Oct 20 10:48:45 PDT 2022","","","3AAJC4I4FHX6RVW2M59D8K48HJ6JZQ","A2RBF3IIJP15IH","Submitted","Thu Oct 13 10:49:29 PDT 2022","Thu Oct 13 10:58:37 PDT 2022","Sun Oct 16 10:58:37 PDT 2022","","","","548","100% (474/474)","0% (0/0)","0% (0/0)","","","Do I have time to walk the dog before my meeting ?","I need to walk the dog before the meeting.","1","Can you schedule walk the dog __User to end before my meeting?","2","What will the temperature be at 3am tomorrow?","3","I need to walk the dog before my meeting.","0","{}","Is there time to walk the dog before my meeting ?",""
"3R6RZGK0XFHDQGOXH6GC8IBHZCGYVV","3O7C9ZLMU037LI1HPYLPIAO4PD8JV4","Choose and rewrite chatbot responses","You will see responses from a chatbot and be asked to choose and/or edit valid responses","chatbot, data collection, text","$0.09","Thu Oct 13 10:48:44 PDT 2022","1","BatchId:4899871;OriginalHitTemplateId:928390845;","7200","259200","Thu Oct 20 10:48:44 PDT 2022","","","3SLE99ER0OI09CYQYDWWAWLV9EXBZX","A2LMQ4497NMK3S","Submitted","Thu Oct 13 10:49:07 PDT 2022","Thu Oct 13 10:50:53 PDT 2022","Sun Oct 16 10:50:53 PDT 2022","","","","106","100% (1103/1103)","0% (0/0)","0% (0/0)","","","Schedule meeting with the Supervisor on monday at 10 am","Who are David Lax's reports?","3","Schedule a meeting with my boss on Monday at 10 am.","1","Schedule a meeting with my boss on Monday at 10 am.","2","Please schedule a meeting with the pope tomorrow.","0","{}","{}","2"
"3RDTX9JRTY6WEPFTRWLG3N2N4LP79O","3O7C9ZLMU037LI1HPYLPIAO4PD8JV4","Choose and rewrite chatbot responses","You will see responses from a chatbot and be asked to choose and/or edit valid responses","chatbot, data collection, text","$0.09","Thu Oct 13 10:48:45 PDT 2022","1","BatchId:4899871;OriginalHitTemplateId:928390845;","7200","259200","Thu Oct 20 10:48:45 PDT 2022","","","3C44YUNSI2UZA5U4P0P0EO7H202PDX","AKQAI78JTXXC9","Submitted","Thu Oct 13 10:51:40 PDT 2022","Thu Oct 13 10:56:37 PDT 2022","Sun Oct 16 10:56:37 PDT 2022","","","","297","100% (1478/1478)","0% (0/0)","0% (0/0)","need help managing my calendar"," I can help you create , update , and delete events on your calendar . You can also ask me about your schedule . ","from today to next monday","I need a meeting from today until next monday","2","Accept the meeting for next week","3","I have a meeting that ends on monday","1","I need an all day event starting this friday until monday","0","{}","Starting today until next monday",""
"3RHLQY6EDT9BYSAR1ESBM71344E4DI","3O7C9ZLMU037LI1HPYLPIAO4PD8JV4","Choose and rewrite chatbot responses","You will see responses from a chatbot and be asked to choose and/or edit valid responses","chatbot, data collection, text","$0.09","Thu Oct 13 10:48:45 PDT 2022","1","BatchId:4899871;OriginalHitTemplateId:928390845;","7200","259200","Thu Oct 20 10:48:45 PDT 2022","","","382M9COHEIKHUGG02HZEUCC1ATVEUB","A2RBF3IIJP15IH","Submitted","Thu Oct 13 10:49:19 PDT 2022","Thu Oct 13 10:53:24 PDT 2022","Sun Oct 16 10:53:24 PDT 2022","","","","245","100% (474/474)","0% (0/0)","0% (0/0)","","","Decline the house party and say I have to work","Decline house party invite and say I have to work.","0","Please decline this event.","3","Decline the invite to the house party and say I have to work.","2","Decline house party invite and say I have to work.","1","{}","{}","3"
"3SMIWMMK61A9OW4XXFOJRZOIAX7WU5","3O7C9ZLMU037LI1HPYLPIAO4PD8JV4","Choose and rewrite chatbot responses","You will see responses from a chatbot and be asked to choose and/or edit valid responses","chatbot, data collection, text","$0.09","Thu Oct 13 10:48:43 PDT 2022","1","BatchId:4899871;OriginalHitTemplateId:928390845;","7200","259200","Thu Oct 20 10:48:43 PDT 2022","","","3JMSRU9HQJZH7V50779JQYEKO04EV0","A2LMQ4497NMK3S","Submitted","Thu Oct 13 10:49:21 PDT 2022","Thu Oct 13 10:52:48 PDT 2022","Sun Oct 16 10:52:48 PDT 2022","","","","207","100% (1103/1103)","0% (0/0)","0% (0/0)","","","can you make Dinner that is n't on the weekend","Dinner can't be on the weekend.","2","I meant the one on Thursday.","3","Can you make me a Lunch but not on the weekend","1","Dinner can't be on the weekend.","0","{}","{}","1"
"3SZYX62S5G5DD2DHO68ZR7XLIP675X","3O7C9ZLMU037LI1HPYLPIAO4PD8JV4","Choose and rewrite chatbot responses","You will see responses from a chatbot and be asked to choose and/or edit valid responses","chatbot, data collection, text","$0.09","Thu Oct 13 10:48:44 PDT 2022","1","BatchId:4899871;OriginalHitTemplateId:928390845;","7200","259200","Thu Oct 20 10:48:44 PDT 2022","","","31HQ4X3T3TFFL9YOUYRIS6KXYTBLSP","A2LMQ4497NMK3S","Submitted","Thu Oct 13 10:49:10 PDT 2022","Thu Oct 13 10:51:47 PDT 2022","Sun Oct 16 10:51:47 PDT 2022","","","","157","100% (1103/1103)","0% (0/0)","0% (0/0)"," Yes , i am also feel like that . ","Let me know if there 's anything else I can help you with .","How long is the work lunch next Thursday ?","How long is my work lunch?","1","create black friday shopping","3","How long is my work lunch on Thursday?","2","How long is my work lunch on Thursday?","0","{}","{}","3"
"3T8DUCXY0NBJCNC04ZOH8JU5TIG9T2","3O7C9ZLMU037LI1HPYLPIAO4PD8JV4","Choose and rewrite chatbot responses","You will see responses from a chatbot and be asked to choose and/or edit valid responses","chatbot, data collection, text","$0.09","Thu Oct 13 10:48:47 PDT 2022","1","BatchId:4899871;OriginalHitTemplateId:928390845;","7200","259200","Thu Oct 20 10:48:47 PDT 2022","","","3H7XDTSHKDWS6Y1W3C43C3IA8PKWG8","A2LMQ4497NMK3S","Submitted","Thu Oct 13 10:49:16 PDT 2022","Thu Oct 13 10:53:25 PDT 2022","Sun Oct 16 10:53:25 PDT 2022","","","","249","100% (1103/1103)","0% (0/0)","0% (0/0)","It 's look well"," I 've changed "" Brainstorm Session "" to be at Little Anthony 's Pizza . ","Will it be raining out ?","Will it be rainy?","0","Is it raining now?","2","Oh I meant Saturday","3","Is it raining?","1","{}","{}","1"
"3TUOHPJXYH2150YS2KZ6B6NM4FOWXX","3O7C9ZLMU037LI1HPYLPIAO4PD8JV4","Choose and rewrite chatbot responses","You will see responses from a chatbot and be asked to choose and/or edit valid responses","chatbot, data collection, text","$0.09","Thu Oct 13 10:48:45 PDT 2022","1","BatchId:4899871;OriginalHitTemplateId:928390845;","7200","259200","Thu Oct 20 10:48:45 PDT 2022","","","3LQ8PUHQFMXO5ZC2Y1I6WCL38E0IHN","A2LMQ4497NMK3S","Submitted","Thu Oct 13 10:51:30 PDT 2022","Thu Oct 13 10:54:25 PDT 2022","Sun Oct 16 10:54:25 PDT 2022","","","","175","100% (1103/1103)","0% (0/0)","0% (0/0)","Remind me about my anniversary on thursday","Does one of these work ?","Can you do an earlier time ?","make it earlier","0","make them earlier","2","I need to move it to later this week.","3","I need to edit the first event.","1","{}","{}","1"
"3TX9T2ZCB96QAVY732NR8R3XCFMWZU","3O7C9ZLMU037LI1HPYLPIAO4PD8JV4","Choose and rewrite chatbot responses","You will see responses from a chatbot and be asked to choose and/or edit valid responses","chatbot, data collection, text","$0.09","Thu Oct 13 10:48:45 PDT 2022","1","BatchId:4899871;OriginalHitTemplateId:928390845;","7200","259200","Thu Oct 20 10:48:45 PDT 2022","","","34PGFRQONPG2X0RXBIP69GAQ0H2JW0","AKQAI78JTXXC9","Submitted","Thu Oct 13 10:49:14 PDT 2022","Thu Oct 13 10:51:59 PDT 2022","Sun Oct 16 10:51:59 PDT 2022","","","","165","100% (1478/1478)","0% (0/0)","0% (0/0)","Did I accept the meeting call on the 24 th ?"," You were the organizer of "" Operations Call "" . "," Okay , please decline that meeting call .","Decline the meeting call.","1","cancel the meeting call","2","Change the title to Stop & Go & &","3","Please decline this event.","0","{}","{}","1"
"3UEBBGULPFT7DAI27QEJNB2IFUHUF5","3O7C9ZLMU037LI1HPYLPIAO4PD8JV4","Choose and rewrite chatbot responses","You will see responses from a chatbot and be asked to choose and/or edit valid responses","chatbot, data collection, text","$0.09","Thu Oct 13 10:48:46 PDT 2022","1","BatchId:4899871;OriginalHitTemplateId:928390845;","7200","259200","Thu Oct 20 10:48:46 PDT 2022","","","3D3VGR7TA1KM4Q8M93ND6ALKC523R6","AKQAI78JTXXC9","Submitted","Thu Oct 13 10:51:59 PDT 2022","Thu Oct 13 10:57:06 PDT 2022","Sun Oct 16 10:57:06 PDT 2022","","","","307","100% (1478/1478)","0% (0/0)","0% (0/0)","I need to see doctor before Wdnesday","Does one of these work ?","the one on the 16 th works .","The one on the 16th","1","The one on the 16th","0","The one on the 16th","2","Schedule a meeting with the marketing department tomorrow.","3","{}","{}","1"
"3UUSLRKAUL88HFSA3CQIPJLDV647D5","3O7C9ZLMU037LI1HPYLPIAO4PD8JV4","Choose and rewrite chatbot responses","You will see responses from a chatbot and be asked to choose and/or edit valid responses","chatbot, data collection, text","$0.09","Thu Oct 13 10:48:47 PDT 2022","1","BatchId:4899871;OriginalHitTemplateId:928390845;","7200","259200","Thu Oct 20 10:48:47 PDT 2022","","","3H7Z272LX8CI8HIW2HNOX1FMB94LP9","A2LMQ4497NMK3S","Submitted","Thu Oct 13 10:49:03 PDT 2022","Thu Oct 13 10:50:08 PDT 2022","Sun Oct 16 10:50:08 PDT 2022","","","","65","100% (1103/1103)","0% (0/0)","0% (0/0)"," I need to get a haircut on Friday around lunch , thanks ! ","Does one of these work ?"," Schedule it for 12 pm , please . Also , make a Celebratory Dinner with Thomas tomorrow at around 6 : 30 pm .","Schedule the appointment for 12:00 PM. Also, please add Celebratory Dinner with Thomas tomorrow at around 6:30 PM.","2","No, I need it to be 3 and a half hours long.","3","Schedule the appointment for 12:00 PM. Also, please schedule a Celebratory Dinner with Thomas tomorrow around 6:30 PM.","1","Schedule the appointment for 12:00 PM. Also, please schedule a Celebratory Dinner with Thomas tomorrow around 6:30 PM.","0","{}","{}","1"
"3UV0D2KX1MO8WCONSKN1A74OGHU4FT","3O7C9ZLMU037LI1HPYLPIAO4PD8JV4","Choose and rewrite chatbot responses","You will see responses from a chatbot and be asked to choose and/or edit valid responses","chatbot, data collection, text","$0.09","Thu Oct 13 10:48:45 PDT 2022","1","BatchId:4899871;OriginalHitTemplateId:928390845;","7200","259200","Thu Oct 20 10:48:45 PDT 2022","","","32RIADZIST9JN1R3O6S16PIMC7GS43","AKQAI78JTXXC9","Submitted","Thu Oct 13 10:50:39 PDT 2022","Thu Oct 13 10:55:48 PDT 2022","Sun Oct 16 10:55:48 PDT 2022","","","","309","100% (1478/1478)","0% (0/0)","0% (0/0)","The second option .","I 've put that on your calendar .","I had a conference call last thursday .","I had a conference call last Thursday night","2","I had a conference call last Thursday","1","I need to move it to later this week.","3","I had a conference call last Thursday","0","{}","{}","2"
"3UY4PIS8QRQ3S54L3QNCKE6U6O61NK","3O7C9ZLMU037LI1HPYLPIAO4PD8JV4","Choose and rewrite chatbot responses","You will see responses from a chatbot and be asked to choose and/or edit valid responses","chatbot, data collection, text","$0.09","Thu Oct 13 10:48:47 PDT 2022","1","BatchId:4899871;OriginalHitTemplateId:928390845;","7200","259200","Thu Oct 20 10:48:47 PDT 2022","","","3VHHR074H4MT2BEW6VT7XFO1BFY7LO","A2RBF3IIJP15IH","Submitted","Thu Oct 13 10:49:18 PDT 2022","Thu Oct 13 10:53:13 PDT 2022","Sun Oct 16 10:53:13 PDT 2022","","","","235","100% (474/474)","0% (0/0)","0% (0/0)","","","I need the reports of David Lax","Who are David Lax's reports?","0","No, I need it to be 2 hours long, from 2 to 3 pm.","3","Why didn't Mom come to my birthday party?","1","Who are David Lax's reports?","2","{}","I need the reports by David Lax",""
"3V0TR1NRVA7D0L7FH419W6TXJ1H4AG","3O7C9ZLMU037LI1HPYLPIAO4PD8JV4","Choose and rewrite chatbot responses","You will see responses from a chatbot and be asked to choose and/or edit valid responses","chatbot, data collection, text","$0.09","Thu Oct 13 10:48:44 PDT 2022","1","BatchId:4899871;OriginalHitTemplateId:928390845;","7200","259200","Thu Oct 20 10:48:44 PDT 2022","","","33FBRBDW6P44ZLP93NSE8WU9SQQC80","A2RBF3IIJP15IH","Submitted","Thu Oct 13 10:49:30 PDT 2022","Thu Oct 13 10:59:07 PDT 2022","Sun Oct 16 10:59:07 PDT 2022","","","","577","100% (474/474)","0% (0/0)","0% (0/0)","It is correct . Fran should be uninvited since she is out of town .","How about now ?","Uninvite Fran from the meeting .","Fran should be disinvited since she is out of town.","2","Yes but Fran is out of town now.","0","What is the address of the amphitheater?","1","Set up a meeting with my reports for 2 pm tomorrow.","3","{}","{}","1"
"3V7ICJJAZALIJVC7NI15RHD31J24BB","3O7C9ZLMU037LI1HPYLPIAO4PD8JV4","Choose and rewrite chatbot responses","You will see responses from a chatbot and be asked to choose and/or edit valid responses","chatbot, data collection, text","$0.09","Thu Oct 13 10:48:45 PDT 2022","1","BatchId:4899871;OriginalHitTemplateId:928390845;","7200","259200","Thu Oct 20 10:48:45 PDT 2022","","","3HPZF4IVNNYJERGRGRQ879IBL5TYC0","A2RBF3IIJP15IH","Submitted","Thu Oct 13 10:51:59 PDT 2022","Thu Oct 13 10:59:28 PDT 2022","Sun Oct 16 10:59:28 PDT 2022","","","","449","100% (474/474)","0% (0/0)","0% (0/0)","","","How did I respond to Abby 's Birthday Party","Did I RSVP to Abby's Birthday Party?","1","Did I RSVP to Abby's Birthday Party?","2","Did I RSVP to Abby's Birthday Party?","0","The bottom one please","3","{}","{}","1"
"3VADEH0UHC23PAFSWOFOK4YYW3JPSN","3O7C9ZLMU037LI1HPYLPIAO4PD8JV4","Choose and rewrite chatbot responses","You will see responses from a chatbot and be asked to choose and/or edit valid responses","chatbot, data collection, text","$0.09","Thu Oct 13 10:48:44 PDT 2022","1","BatchId:4899871;OriginalHitTemplateId:928390845;","7200","259200","Thu Oct 20 10:48:44 PDT 2022","","","3KOPY89HM97562P91YE44JZT2O8J3U","AKQAI78JTXXC9","Submitted","Thu Oct 13 10:52:53 PDT 2022","Thu Oct 13 10:57:30 PDT 2022","Sun Oct 16 10:57:30 PDT 2022","","","","277","100% (1478/1478)","0% (0/0)","0% (0/0)","","","Do I have anything going on tonight ?","What meeting do I have tonight?","2","Do I have anything scheduled tonight?","0","Can you schedule a meeting with Karina on Saturday at 8 pm?","3","Do I have any meetings today?","1","{}","{}","2"
"3VDVA3ILIDKXIDNZGMAHUUXX5CK1GC","3O7C9ZLMU037LI1HPYLPIAO4PD8JV4","Choose and rewrite chatbot responses","You will see responses from a chatbot and be asked to choose and/or edit valid responses","chatbot, data collection, text","$0.09","Thu Oct 13 10:48:45 PDT 2022","1","BatchId:4899871;OriginalHitTemplateId:928390845;","7200","259200","Thu Oct 20 10:48:45 PDT 2022","","","39ZSFO5CA91P5W2SGIA5RSPTF1RJU1","AKQAI78JTXXC9","Submitted","Thu Oct 13 10:49:09 PDT 2022","Thu Oct 13 10:51:39 PDT 2022","Sun Oct 16 10:51:39 PDT 2022","","","","150","100% (1478/1478)","0% (0/0)","0% (0/0)","","","Find todays lunch date with sam","Find my lunch date with sam today.","0","Decline house party invite and say I have to work.","3","Find my lunch date today with sam.","1","Find today's lunch date with sam.","2","{}","{}","3"
"3VEI3XUCZR2ROVFFHZFJUUT2A10PRZ","3O7C9ZLMU037LI1HPYLPIAO4PD8JV4","Choose and rewrite chatbot responses","You will see responses from a chatbot and be asked to choose and/or edit valid responses","chatbot, data collection, text","$0.09","Thu Oct 13 10:48:44 PDT 2022","1","BatchId:4899871;OriginalHitTemplateId:928390845;","7200","259200","Thu Oct 20 10:48:44 PDT 2022","","","34BBWHLWHBG62P7RT046XFVQN2CWI0","A2LMQ4497NMK3S","Submitted","Thu Oct 13 10:49:19 PDT 2022","Thu Oct 13 10:52:58 PDT 2022","Sun Oct 16 10:52:58 PDT 2022","","","","219","100% (1103/1103)","0% (0/0)","0% (0/0)","What is the universe made of ?"," Sorry , I can only help with your calendar . "," It was Sunday on Jan 1 , 2006 . What was the day of the week Jan 1 , 2010 ?","What day was January 1, 2010?","2","What day was January 1, 2010?","1","What do I have after 1400?","3","When is the next holiday?","0","{}","{}","1"
"3VJ4PFXFJ3CCHJ1UWASR9ARRIE4UAS","3O7C9ZLMU037LI1HPYLPIAO4PD8JV4","Choose and rewrite chatbot responses","You will see responses from a chatbot and be asked to choose and/or edit valid responses","chatbot, data collection, text","$0.09","Thu Oct 13 10:48:44 PDT 2022","1","BatchId:4899871;OriginalHitTemplateId:928390845;","7200","259200","Thu Oct 20 10:48:44 PDT 2022","","","3IUZPWIU1PCX8KXFT3PIAVA3F61WKB","A2RBF3IIJP15IH","Submitted","Thu Oct 13 10:49:23 PDT 2022","Thu Oct 13 10:55:43 PDT 2022","Sun Oct 16 10:55:43 PDT 2022","","","","380","100% (474/474)","0% (0/0)","0% (0/0)","Do I have any dinner dates with Karina this week ?"," No , I did n't find any events with Karina this week . ","Add dinner with Karina Saturday at 8 pm","Schedule dinner with Karina for Saturday at 8 pm.","0","Will it rain today in Columbia, South Carolina?","3","Can you schedule a meeting with Karina on Saturday at 8 pm?","2","Add dinner with Karina for last Saturday at 8 pm.","1","{}","{}","1"
"3VQTAXTYN3QH0T6M2OSN4LBX0WPUBN","3O7C9ZLMU037LI1HPYLPIAO4PD8JV4","Choose and rewrite chatbot responses","You will see responses from a chatbot and be asked to choose and/or edit valid responses","chatbot, data collection, text","$0.09","Thu Oct 13 10:48:45 PDT 2022","1","BatchId:4899871;OriginalHitTemplateId:928390845;","7200","259200","Thu Oct 20 10:48:45 PDT 2022","","","34T446B1C1JMHWK68JFZFHOR9SEC0D","A2LMQ4497NMK3S","Submitted","Thu Oct 13 10:49:08 PDT 2022","Thu Oct 13 10:50:18 PDT 2022","Sun Oct 16 10:50:18 PDT 2022","","","","70","100% (1103/1103)","0% (0/0)","0% (0/0)","Can you double check that I do n't have anything planned on Saturday ?"," I found one event on Saturday . It 's "" Appointment "" from 3 : 00 to 3 : 30 PM . "," Alright , what about Sunday ?","What about Sunday?","2","Rename it to Meeting Meeting","3","What about Sunday?","0","What about Sunday?","1","{}","{}","1"
"3W0XM68YZP02KZJI6DVWSMPQCT11KF","3O7C9ZLMU037LI1HPYLPIAO4PD8JV4","Choose and rewrite chatbot responses","You will see responses from a chatbot and be asked to choose and/or edit valid responses","chatbot, data collection, text","$0.09","Thu Oct 13 10:48:46 PDT 2022","1","BatchId:4899871;OriginalHitTemplateId:928390845;","7200","259200","Thu Oct 20 10:48:46 PDT 2022","","","3ZPBJO59KQ67XOWG6NHV5F5QG9SHDK","A2LMQ4497NMK3S","Submitted","Thu Oct 13 10:49:18 PDT 2022","Thu Oct 13 10:53:14 PDT 2022","Sun Oct 16 10:53:14 PDT 2022","","","","236","100% (1103/1103)","0% (0/0)","0% (0/0)","That s great . Do I have another festival in the spring to attend ?"," I 've changed "" Spring Festival "" to be . No , I did n't find any other events matching "" festival "" between March 1 , 2020 and May 31 , 2020 . ","Do I have anything in the Fall with Julie ?","MAKE A ONE HOUR LUNCH THIS MORNING","3","Do I have any events with Julie this fall?","1","Do I have any events this Fall with Julie?","0","Do I have any events this Spring with Julie?","2","{}","{}","2"
"3X0EMNLXEPUJH2WWQJKTVRI5V7DPVS","3O7C9ZLMU037LI1HPYLPIAO4PD8JV4","Choose and rewrite chatbot responses","You will see responses from a chatbot and be asked to choose and/or edit valid responses","chatbot, data collection, text","$0.09","Thu Oct 13 10:48:45 PDT 2022","1","BatchId:4899871;OriginalHitTemplateId:928390845;","7200","259200","Thu Oct 20 10:48:45 PDT 2022","","","3VP0C6EFSH1U4TICNXPURE3UG94M66","AKQAI78JTXXC9","Submitted","Thu Oct 13 10:49:39 PDT 2022","Thu Oct 13 10:55:27 PDT 2022","Sun Oct 16 10:55:27 PDT 2022","","","","348","100% (1478/1478)","0% (0/0)","0% (0/0)","Can you update another event now","Could you be more specific with your request ?","Xavier and I are n't going fishing anymore on Saturday .","Can you add James Karl and Mike to this event?","3","Delete the fishing event with Xavier on Saturday.","1","Xavier and I aren't going fishing on Saturday anymore.","2","Delete fishing with Xavier on Saturday.","0","{}","{}","2"
"3X878VYTIEN5FZ66UIL8DJOY7JK7FG","3O7C9ZLMU037LI1HPYLPIAO4PD8JV4","Choose and rewrite chatbot responses","You will see responses from a chatbot and be asked to choose and/or edit valid responses","chatbot, data collection, text","$0.09","Thu Oct 13 10:48:47 PDT 2022","1","BatchId:4899871;OriginalHitTemplateId:928390845;","7200","259200","Thu Oct 20 10:48:47 PDT 2022","","","36V4Q8R5ZL5NEB1W263SXJKLGATMQG","A2LMQ4497NMK3S","Submitted","Thu Oct 13 11:53:42 PDT 2022","Thu Oct 13 11:54:40 PDT 2022","Sun Oct 16 11:54:40 PDT 2022","","","","58","100% (1103/1103)","0% (0/0)","0% (0/0)","Are there any events not in Nashville on Tuesday ?"," I found one matching event on your calendar . It 's "" Level 56 Illusion "" on Tuesday the 14 th from 3 : 00 to 3 : 30 PM . ","How many meetings will be held outside Washington this year ?","How many events do I have not in Washington this year?","0","How old are you?","3","What events do I have that are not in Washington this year?","2","What events do I have that are not in Washington this year?","1","{}","{}","1"
"3XAOZ9UYRZWOV2HDJIFTO81ZBZSQ1V","3O7C9ZLMU037LI1HPYLPIAO4PD8JV4","Choose and rewrite chatbot responses","You will see responses from a chatbot and be asked to choose and/or edit valid responses","chatbot, data collection, text","$0.09","Thu Oct 13 10:48:48 PDT 2022","1","BatchId:4899871;OriginalHitTemplateId:928390845;","7200","259200","Thu Oct 20 10:48:48 PDT 2022","","","3IX2EGZR7COXP4ABCOF0MH2982NJRX","A2LMQ4497NMK3S","Submitted","Thu Oct 13 10:49:05 PDT 2022","Thu Oct 13 10:49:53 PDT 2022","Sun Oct 16 10:49:53 PDT 2022","","","","48","100% (1103/1103)","0% (0/0)","0% (0/0)","show me the star conventions"," The "" star conventions "" is on Saturday from 9 : 00 to 9 : 30 AM . ","show me my interview tomorrow","Can you show me my interview tomorrow?","1","Do I have any events this Spring with Julie?","3","show me tomorrow's interview","2","show me my interview tomorrow","0","{}","{}","1"
"3XBYQ44Z6P9UOJP8XAY9M32GRJ0WTE","3O7C9ZLMU037LI1HPYLPIAO4PD8JV4","Choose and rewrite chatbot responses","You will see responses from a chatbot and be asked to choose and/or edit valid responses","chatbot, data collection, text","$0.09","Thu Oct 13 10:48:43 PDT 2022","1","BatchId:4899871;OriginalHitTemplateId:928390845;","7200","259200","Thu Oct 20 10:48:43 PDT 2022","","","3HHRAGRYX9A5MF5MYK7J3SJ11AR9OJ","A2LMQ4497NMK3S","Submitted","Thu Oct 13 10:49:11 PDT 2022","Thu Oct 13 10:51:21 PDT 2022","Sun Oct 16 10:51:21 PDT 2022","","","","130","100% (1103/1103)","0% (0/0)","0% (0/0)","","","Delete the service I have schedule for Sunday at 07 h","Delete my service at 08h on Sunday.","1","Delete my service at 06h on Sunday.","2","Delete my service at 07h on Sunday.","0","When was my longest meeting last week?","3","{}","{}","3"
"3XD2A6FGFNZIXNZLFZJRYEYJRZ1S9V","3O7C9ZLMU037LI1HPYLPIAO4PD8JV4","Choose and rewrite chatbot responses","You will see responses from a chatbot and be asked to choose and/or edit valid responses","chatbot, data collection, text","$0.09","Thu Oct 13 10:48:44 PDT 2022","1","BatchId:4899871;OriginalHitTemplateId:928390845;","7200","259200","Thu Oct 20 10:48:44 PDT 2022","","","3SITXWYCNWEB4HYBXV8BDB5K1EZBX0","AKQAI78JTXXC9","Submitted","Thu Oct 13 10:49:05 PDT 2022","Thu Oct 13 10:50:53 PDT 2022","Sun Oct 16 10:50:53 PDT 2022","","","","108","100% (1478/1478)","0% (0/0)","0% (0/0)","Set Dr appointment for next Tuesday .","Does one of these work ?","It should be an hour long from 2 to 3","The appointment should be for one hour from 2:00 to 3:00 pm.","0","No, I need it to be 2 hours long, from 2 to 3 pm.","1","Mark all day Wednesday as Busy.","3","No, I need it to last 3 hours, so from 2 to 3pm please.","2","{}","{}","1"
"3XD2A6FGFNZIXNZLFZJRYEYJRZ29SD","3O7C9ZLMU037LI1HPYLPIAO4PD8JV4","Choose and rewrite chatbot responses","You will see responses from a chatbot and be asked to choose and/or edit valid responses","chatbot, data collection, text","$0.09","Thu Oct 13 10:48:46 PDT 2022","1","BatchId:4899871;OriginalHitTemplateId:928390845;","7200","259200","Thu Oct 20 10:48:46 PDT 2022","","","3SPJ03342286M5MXQJ7UUDV6BP2YJE","A2LMQ4497NMK3S","Submitted","Thu Oct 13 10:52:23 PDT 2022","Thu Oct 13 10:55:14 PDT 2022","Sun Oct 16 10:55:14 PDT 2022","","","","171","100% (1103/1103)","0% (0/0)","0% (0/0)","","","BOOK 1 HOUR FOR LUNCH TODAY AFTERNOON","MAKE A ONE HOUR LUNCH TONIGHT","2","MAKE A ONE HOUR LUNCH THIS MORNING","1","Emily isn't going to make it to the kickball game tonight, but Darren is.","3","MAKE A ONE HOUR LUNCH THIS AFTERNOON","0","{}","{}","4"
"3XH7ZM9YX2Z6W8Z80AJM84TN5XJ9RP","3O7C9ZLMU037LI1HPYLPIAO4PD8JV4","Choose and rewrite chatbot responses","You will see responses from a chatbot and be asked to choose and/or edit valid responses","chatbot, data collection, text","$0.09","Thu Oct 13 10:48:46 PDT 2022","1","BatchId:4899871;OriginalHitTemplateId:928390845;","7200","259200","Thu Oct 20 10:48:46 PDT 2022","","","3F1567XTNXA87RI2DXZNSXE1GB99QR","AKQAI78JTXXC9","Submitted","Thu Oct 13 10:49:18 PDT 2022","Thu Oct 13 10:52:32 PDT 2022","Sun Oct 16 10:52:32 PDT 2022","","","","194","100% (1478/1478)","0% (0/0)","0% (0/0)","","","Add Cert Renewal for the 18 th through the 27","Put Cert Renewal 18 on my calendar that ends on the 18th.","1","Put Cert Renewal on my calendar from today until the 27th.","0","Who are David Lax's reports?","3","Put Cert Renewal 18 on my calendar that ends on the 18th.","2","{}","Put Cert Renewal on my calendar from the 18th until the 27th.",""
"3YD0MU1NC26AJ8PYJ2ZGZID7A377A3","3O7C9ZLMU037LI1HPYLPIAO4PD8JV4","Choose and rewrite chatbot responses","You will see responses from a chatbot and be asked to choose and/or edit valid responses","chatbot, data collection, text","$0.09","Thu Oct 13 10:48:45 PDT 2022","1","BatchId:4899871;OriginalHitTemplateId:928390845;","7200","259200","Thu Oct 20 10:48:45 PDT 2022","","","3N1FSUEFL65DLC8LRGXCBQWMB46D4U","A2LMQ4497NMK3S","Submitted","Thu Oct 13 10:51:44 PDT 2022","Thu Oct 13 10:54:41 PDT 2022","Sun Oct 16 10:54:41 PDT 2022","","","","177","100% (1103/1103)","0% (0/0)","0% (0/0)","What is on my calendar this Saturday ?","I did n't find any matching events on your calendar .","Add a 4 hour baseball game in the afternoon","Create a baseball game for 4 hours in the afternoon.","0","Create a baseball game for 4 hours this afternoon.","1","What events do I have this month with Ramon?","3","Schedule a baseball game for that afternoon for 4 hours.","2","{}","{}","1"
"3YKP7CX6G2KF2IUQPGZCUTXDSLS7BY","3O7C9ZLMU037LI1HPYLPIAO4PD8JV4","Choose and rewrite chatbot responses","You will see responses from a chatbot and be asked to choose and/or edit valid responses","chatbot, data collection, text","$0.09","Thu Oct 13 10:48:46 PDT 2022","1","BatchId:4899871;OriginalHitTemplateId:928390845;","7200","259200","Thu Oct 20 10:48:46 PDT 2022","","","3P1L2B7AD2U0NH6VNHA981AW148OLV","A2RBF3IIJP15IH","Submitted","Thu Oct 13 10:49:24 PDT 2022","Thu Oct 13 10:55:54 PDT 2022","Sun Oct 16 10:55:54 PDT 2022","","","","390","100% (474/474)","0% (0/0)","0% (0/0)","Can you make my Party happen in the PM ?","Is this the update you want ?","Make my Car Seats occur in the PM","please change my party time","0","Make my Car Seats happen in the PM","1","Make my Car Seats happen in the PM","2","Is Elliot coming to my birthday party this weekend?","3","{}","{}","2"
"3YLPJ8OXX8IPWYF8SETNGE4VKMPX4C","3O7C9ZLMU037LI1HPYLPIAO4PD8JV4","Choose and rewrite chatbot responses","You will see responses from a chatbot and be asked to choose and/or edit valid responses","chatbot, data collection, text","$0.09","Thu Oct 13 10:48:47 PDT 2022","1","BatchId:4899871;OriginalHitTemplateId:928390845;","7200","259200","Thu Oct 20 10:48:47 PDT 2022","","","3KIBXJ1WD6ZP3BOD2HY8T1XHC43OKS","AKQAI78JTXXC9","Submitted","Thu Oct 13 10:49:24 PDT 2022","Thu Oct 13 10:53:03 PDT 2022","Sun Oct 16 10:53:03 PDT 2022","","","","219","100% (1478/1478)","0% (0/0)","0% (0/0)","show me my interview tomorrow"," I found 1 matching event on your calendar . It 's your "" Interview "" . ","show body prep meeting","show body prep meeting","0","show me my body prep meeting","1","show body prep","2","Search for all events","3","{}","{}","2"
"3YO4AH2FPDPOODWVNZBTA3IP67MQ0S","3O7C9ZLMU037LI1HPYLPIAO4PD8JV4","Choose and rewrite chatbot responses","You will see responses from a chatbot and be asked to choose and/or edit valid responses","chatbot, data collection, text","$0.09","Thu Oct 13 10:48:48 PDT 2022","1","BatchId:4899871;OriginalHitTemplateId:928390845;","7200","259200","Thu Oct 20 10:48:48 PDT 2022","","","3OWEPKL08AHJQBHHI89MA7SQGAY7NQ","AKQAI78JTXXC9","Submitted","Thu Oct 13 10:49:28 PDT 2022","Thu Oct 13 10:53:19 PDT 2022","Sun Oct 16 10:53:19 PDT 2022","","","","231","100% (1478/1478)","0% (0/0)","0% (0/0)","Add coffee with Josh for tomorrow at 10 am .","Is this good ?","make it from 10 til 11","make that 10-11","2","make that 10-11","0","make that 10-11","1","Can you change the title to ""staff meeting""","3","{}","{}","2"
"3YOAVL4CA0ME1TFNTWH8DZK6SMNZ4B","3O7C9ZLMU037LI1HPYLPIAO4PD8JV4","Choose and rewrite chatbot responses","You will see responses from a chatbot and be asked to choose and/or edit valid responses","chatbot, data collection, text","$0.09","Thu Oct 13 10:48:48 PDT 2022","1","BatchId:4899871;OriginalHitTemplateId:928390845;","7200","259200","Thu Oct 20 10:48:48 PDT 2022","","","3Z7EFSHGNAJUEMQHBV46OVB2JZZCX8","AKQAI78JTXXC9","Submitted","Thu Oct 13 10:50:30 PDT 2022","Thu Oct 13 10:55:40 PDT 2022","Sun Oct 16 10:55:40 PDT 2022","","","","310","100% (1478/1478)","0% (0/0)","0% (0/0)","INVITE MONA TO THE DANCING COMPETITION","Does this look right ?"," Change "" dancing competition "" to 8 : 00 PM .","What will the temperature be for my meeting at 3am tomorrow?","3","put dancing competition start time changed to 8pm","0","change the time to 8pm","1","The dancing competition starts at 8.","2","{}","{}","4"
"3Z33IC0JC0RYPFGP9UOW91IQQ3W9VI","3O7C9ZLMU037LI1HPYLPIAO4PD8JV4","Choose and rewrite chatbot responses","You will see responses from a chatbot and be asked to choose and/or edit valid responses","chatbot, data collection, text","$0.09","Thu Oct 13 10:48:47 PDT 2022","1","BatchId:4899871;OriginalHitTemplateId:928390845;","7200","259200","Thu Oct 20 10:48:47 PDT 2022","","","3M23Y66PO3CX2OVH7ULG3N208YMS6O","AKQAI78JTXXC9","Submitted","Thu Oct 13 10:52:11 PDT 2022","Thu Oct 13 10:57:13 PDT 2022","Sun Oct 16 10:57:13 PDT 2022","","","","302","100% (1478/1478)","0% (0/0)","0% (0/0)","what event do i have tomorrow"," I found 1 event tomorrow . It 's "" Billy 's karate "" from 9 : 00 to 10 : 00 AM . ","yeah cool now let 's make another event after that fam","Make an event right after that","0","add event after that called fam","1","add fam after this event","2","Can you rename that to In N Out Burger and make it start around 5 pm instead?","3","{}","{}","1"
"3ZCC2DXSD79UUAJ2MH3WFHFBHTIYY4","3O7C9ZLMU037LI1HPYLPIAO4PD8JV4","Choose and rewrite chatbot responses","You will see responses from a chatbot and be asked to choose and/or edit valid responses","chatbot, data collection, text","$0.09","Thu Oct 13 10:48:45 PDT 2022","1","BatchId:4899871;OriginalHitTemplateId:928390845;","7200","259200","Thu Oct 20 10:48:45 PDT 2022","","","3ND9UOO81L78SQFXE31JPVNI467LW4","A2RBF3IIJP15IH","Submitted","Thu Oct 13 10:49:22 PDT 2022","Thu Oct 13 10:55:29 PDT 2022","Sun Oct 16 10:55:29 PDT 2022","","","","367","100% (474/474)","0% (0/0)","0% (0/0)"," What is the lowest temperature tomorrow in Summerton , South Carolina ? ","The minimum temperature will be 0 . 00  F tomorrow ."," Is there a chance of rain in Columbia , South Carolina ?","Will it rain in Columbia, South Carolina?","1","Will it rain today in Columbia, South Carolina?","0","Will it rain that day in Columbia, South Carolina?","2","What day was January 1, 2010?","3","{}","{}","1"
"3ZRKL6Z1E88XCXMTT5P1QVK6VCWSGM","3O7C9ZLMU037LI1HPYLPIAO4PD8JV4","Choose and rewrite chatbot responses","You will see responses from a chatbot and be asked to choose and/or edit valid responses","chatbot, data collection, text","$0.09","Thu Oct 13 10:48:48 PDT 2022","1","BatchId:4899871;OriginalHitTemplateId:928390845;","7200","259200","Thu Oct 20 10:48:48 PDT 2022","","","3DIP6YHAPDXJWJ9NZEY9YKUCD24E8W","AKQAI78JTXXC9","Submitted","Thu Oct 13 10:53:27 PDT 2022","Thu Oct 13 10:57:43 PDT 2022","Sun Oct 16 10:57:43 PDT 2022","","","","256","100% (1478/1478)","0% (0/0)","0% (0/0)","","","How are my plans looking ?","Can you tell me the weather for tomorrow in Greenville, NC?","2","Emily isn't coming to the kickball game today, but Darren is.","3","What events do I have scheduled?","0","I need help with my calendar","1","{}","{}","3"
"3ZURAPD288SR4DR4524ZC9XL4XK1FD","3O7C9ZLMU037LI1HPYLPIAO4PD8JV4","Choose and rewrite chatbot responses","You will see responses from a chatbot and be asked to choose and/or edit valid responses","chatbot, data collection, text","$0.09","Thu Oct 13 10:48:44 PDT 2022","1","BatchId:4899871;OriginalHitTemplateId:928390845;","7200","259200","Thu Oct 20 10:48:44 PDT 2022","","","3IAEQB9FMFPPUER51M3V6IFDVX6DWH","AKQAI78JTXXC9","Submitted","Thu Oct 13 10:52:42 PDT 2022","Thu Oct 13 10:57:26 PDT 2022","Sun Oct 16 10:57:26 PDT 2022","","","","284","100% (1478/1478)","0% (0/0)","0% (0/0)","","","Mark Wednesday as busy .","Who is invited to lunch?","3","Show my status as Busy for all of Wednesday.","1","Mark all day Wednesday as Busy.","2","Mark me as busy on Wednesday.","0","{}","{}","4"