"HITId","HITTypeId","Title","Description","Keywords","Reward","CreationTime","MaxAssignments","RequesterAnnotation","AssignmentDurationInSeconds","AutoApprovalDelayInSeconds","Expiration","NumberOfSimilarHITs","LifetimeInSeconds","AssignmentId","WorkerId","AssignmentStatus","AcceptTime","SubmitTime","AutoApprovalTime","ApprovalTime","RejectionTime","RequesterFeedback","WorkTimeInSeconds","LifetimeApprovalRate","Last30DaysApprovalRate","Last7DaysApprovalRate","Input.user_turn_0","Input.agent_turn_0","Input.user_turn_1","Input.option_0","Input.option_0_idx","Input.option_1","Input.option_1_idx","Input.option_2","Input.option_2_idx","Input.option_3","Input.option_3_idx","Input.is_checkmark_page","Answer.comments","Answer.manual_entry","Answer.radio-input","Approve","Reject"
"34XASH8KLQR0RF2NCRJ28VZS4HRPM7","3BI4P5TREONE1N0FOPWSFKJVYI87VL","Choose and rewrite chatbot responses","You will see responses from a chatbot and be asked to choose and/or edit valid responses","chatbot, data collection, text","$0.09","Fri Oct 14 13:04:20 PDT 2022","1","BatchId:4900858;OriginalHitTemplateId:928390845;","7200","259200","Fri Oct 21 13:04:20 PDT 2022","","","3H7Z272LX8CI8HIW2HNOX1FMBFDPLY","AKQAI78JTXXC9","Submitted","Fri Oct 14 13:04:38 PDT 2022","Fri Oct 14 13:07:30 PDT 2022","Mon Oct 17 13:07:30 PDT 2022","","","","172","100% (1503/1503)","100% (25/25)","100% (25/25)","","","can you make Dinner that is n't on the weekend","Dinner can't be on the weekend.","2","I meant the one on Thursday.","3","Can you make me a Lunch but not on the weekend","1","Dinner can't be on the weekend.","0","true","{}","I want dinner scheduled on a day that isn't the weekend",""
"367O8HRHKGDH0HT9Y4N0H6N35ADS4V","3BI4P5TREONE1N0FOPWSFKJVYI87VL","Choose and rewrite chatbot responses","You will see responses from a chatbot and be asked to choose and/or edit valid responses","chatbot, data collection, text","$0.09","Fri Oct 14 13:04:22 PDT 2022","1","BatchId:4900858;OriginalHitTemplateId:928390845;","7200","259200","Fri Oct 21 13:04:22 PDT 2022","","","35USIKEBNSL0MB3CZY4U4TSUL5NN6S","AKQAI78JTXXC9","Submitted","Fri Oct 14 13:04:43 PDT 2022","Fri Oct 14 13:08:14 PDT 2022","Mon Oct 17 13:08:14 PDT 2022","","","","211","100% (1503/1503)","100% (25/25)","100% (25/25)","Do I have anything with people attending on my calendar ?"," Yes , I found one event with attendees . It 's \"" Go for a Walk \"" on Saturday the 22 nd from 1 : 00 to 1 : 30 PM . ","Do I have any events in March with people attending ?","Did I RSVP to Abby's Birthday Party?","3","Do I have any events in March with people attending?","2","Do I have anything in March with people coming?","0","Do I have any events in March with people coming?","1","true","{}","{}","4"
"36818Z1KV3ISIPOBHQWQM11R54BA3X","3BI4P5TREONE1N0FOPWSFKJVYI87VL","Choose and rewrite chatbot responses","You will see responses from a chatbot and be asked to choose and/or edit valid responses","chatbot, data collection, text","$0.09","Fri Oct 14 13:04:21 PDT 2022","1","BatchId:4900858;OriginalHitTemplateId:928390845;","7200","259200","Fri Oct 21 13:04:21 PDT 2022","","","34J10VATJG31ISB5HR505QD4Z78IQ7","A2RBF3IIJP15IH","Submitted","Fri Oct 14 13:18:11 PDT 2022","Fri Oct 14 13:27:10 PDT 2022","Mon Oct 17 13:27:10 PDT 2022","","","","539","100% (570/570)","100% (96/96)","100% (96/96)"," Yes , i am also feel like that . ","Let me know if there 's anything else I can help you with .","How long is the work lunch next Thursday ?","How long is my work lunch?","1","create black friday shopping","3","How long is my work lunch on Thursday?","2","How long is my work lunch on Thursday?","0","true","{}","{}","3"
"39KV3A5D18CEJ4BS02L7KI7DWC47SV","3BI4P5TREONE1N0FOPWSFKJVYI87VL","Choose and rewrite chatbot responses","You will see responses from a chatbot and be asked to choose and/or edit valid responses","chatbot, data collection, text","$0.09","Fri Oct 14 13:04:21 PDT 2022","1","BatchId:4900858;OriginalHitTemplateId:928390845;","7200","259200","Fri Oct 21 13:04:21 PDT 2022","","","3TY7ZAOG5GP40UWU0WWX301ZE7X0K0","AKQAI78JTXXC9","Submitted","Fri Oct 14 13:05:00 PDT 2022","Fri Oct 14 13:10:25 PDT 2022","Mon Oct 17 13:10:25 PDT 2022","","","","325","100% (1503/1503)","100% (25/25)","100% (25/25)","That s great . Do I have another festival in the spring to attend ?"," I 've changed \"" Spring Festival \"" to be . No , I did n't find any other events matching \"" festival \"" between March 1 , 2020 and May 31 , 2020 . ","Do I have anything in the Fall with Julie ?","MAKE A ONE HOUR LUNCH THIS MORNING","3","Do I have any events with Julie this fall?","1","Do I have any events this Fall with Julie?","0","Do I have any events this Spring with Julie?","2","true","{}","{}","2"
"39O0SQZVJNC2IPBFLDL2U82HAAL7R7","3BI4P5TREONE1N0FOPWSFKJVYI87VL","Choose and rewrite chatbot responses","You will see responses from a chatbot and be asked to choose and/or edit valid responses","chatbot, data collection, text","$0.09","Fri Oct 14 13:04:21 PDT 2022","1","BatchId:4900858;OriginalHitTemplateId:928390845;","7200","259200","Fri Oct 21 13:04:21 PDT 2022","","","3QBD8R3Z22O4P9ZAHPBSMK8LFOMO4N","AKQAI78JTXXC9","Submitted","Fri Oct 14 13:05:46 PDT 2022","Fri Oct 14 13:11:24 PDT 2022","Mon Oct 17 13:11:24 PDT 2022","","","","338","100% (1503/1503)","100% (25/25)","100% (25/25)","","","BOOK 1 HOUR FOR LUNCH TODAY AFTERNOON","MAKE A ONE HOUR LUNCH TONIGHT","2","MAKE A ONE HOUR LUNCH THIS MORNING","1","Emily isn't going to make it to the kickball game tonight, but Darren is.","3","MAKE A ONE HOUR LUNCH THIS AFTERNOON","0","true","{}","{}","4"
"3B0MCRZMBRZ6CIZ047BUPZTN9M2PP3","3BI4P5TREONE1N0FOPWSFKJVYI87VL","Choose and rewrite chatbot responses","You will see responses from a chatbot and be asked to choose and/or edit valid responses","chatbot, data collection, text","$0.09","Fri Oct 14 13:04:22 PDT 2022","1","BatchId:4900858;OriginalHitTemplateId:928390845;","7200","259200","Fri Oct 21 13:04:22 PDT 2022","","","3DYGAII7PMDTZEY9UMVKENEGLL0PQN","AKQAI78JTXXC9","Submitted","Fri Oct 14 13:04:48 PDT 2022","Fri Oct 14 13:09:25 PDT 2022","Mon Oct 17 13:09:25 PDT 2022","","","","277","100% (1503/1503)","100% (25/25)","100% (25/25)","Good can you add a scheduling task get together with Beltron on Monday at 10 am .","Is this good ?","Can you add Barb to the scheduling task ?","Yes and add Barb to the event.","0","search events","3","Can you add Barb to that?","1","Add Barb to the scheduling event.","2","true","{}","{}","4"
"3B6F54KMR2H08IWQBM4YJ8G0TQ3S1I","3BI4P5TREONE1N0FOPWSFKJVYI87VL","Choose and rewrite chatbot responses","You will see responses from a chatbot and be asked to choose and/or edit valid responses","chatbot, data collection, text","$0.09","Fri Oct 14 13:04:20 PDT 2022","1","BatchId:4900858;OriginalHitTemplateId:928390845;","7200","259200","Fri Oct 21 13:04:20 PDT 2022","","","3CCZ6YKWR8OJE5Z4T5BKUMJAKLY59Y","A2RBF3IIJP15IH","Submitted","Fri Oct 14 13:12:36 PDT 2022","Fri Oct 14 13:13:25 PDT 2022","Mon Oct 17 13:13:25 PDT 2022","","","","49","100% (570/570)","100% (96/96)","100% (96/96)","cancel my lunch","Is this what you want me to cancel ?","show my all events","Search for all events","2","defer the next meeting Simmons","0","Are you sure about that? Please check again.","3","search events","1","true","{}","{}","1"
"3D1TUISJWI5RN1KS8YK4Q8FAVPZUIS","3BI4P5TREONE1N0FOPWSFKJVYI87VL","Choose and rewrite chatbot responses","You will see responses from a chatbot and be asked to choose and/or edit valid responses","chatbot, data collection, text","$0.09","Fri Oct 14 13:04:20 PDT 2022","1","BatchId:4900858;OriginalHitTemplateId:928390845;","7200","259200","Fri Oct 21 13:04:20 PDT 2022","","","320DUZ38G8R60E1XWDLONDO26ZMJGN","A2RBF3IIJP15IH","Submitted","Fri Oct 14 13:07:14 PDT 2022","Fri Oct 14 13:08:26 PDT 2022","Mon Oct 17 13:08:26 PDT 2022","","","","72","100% (570/570)","100% (96/96)","100% (96/96)","","","Delete the service I have schedule for Sunday at 07 h","Delete my service at 08h on Sunday.","1","Delete my service at 06h on Sunday.","2","Delete my service at 07h on Sunday.","0","When was my longest meeting last week?","3","true","{}","{}","3"
"3DFYDSXB2W5NIC4YQG5429UA84OUJ4","3BI4P5TREONE1N0FOPWSFKJVYI87VL","Choose and rewrite chatbot responses","You will see responses from a chatbot and be asked to choose and/or edit valid responses","chatbot, data collection, text","$0.09","Fri Oct 14 13:04:21 PDT 2022","1","BatchId:4900858;OriginalHitTemplateId:928390845;","7200","259200","Fri Oct 21 13:04:21 PDT 2022","","","3FPRZHYEPZCEXXP3INSN77ANXHNV3B","AKQAI78JTXXC9","Submitted","Fri Oct 14 13:04:55 PDT 2022","Fri Oct 14 13:10:11 PDT 2022","Mon Oct 17 13:10:11 PDT 2022","","","","316","100% (1503/1503)","100% (25/25)","100% (25/25)","Remind me about my anniversary on thursday","Does one of these work ?","Can you do an earlier time ?","make it earlier","0","make them earlier","2","I need to move it to later this week.","3","I need to edit the first event.","1","true","{}","{}","1"
"3E22YV8GG1B69XNNOSY2LAOS971PN7","3BI4P5TREONE1N0FOPWSFKJVYI87VL","Choose and rewrite chatbot responses","You will see responses from a chatbot and be asked to choose and/or edit valid responses","chatbot, data collection, text","$0.09","Fri Oct 14 13:04:21 PDT 2022","1","BatchId:4900858;OriginalHitTemplateId:928390845;","7200","259200","Fri Oct 21 13:04:21 PDT 2022","","","3R8YZBNQ9IN4T8U9Y013E1NVLRUQ7H","AKQAI78JTXXC9","Submitted","Fri Oct 14 13:04:59 PDT 2022","Fri Oct 14 13:10:20 PDT 2022","Mon Oct 17 13:10:20 PDT 2022","","","","321","100% (1503/1503)","100% (25/25)","100% (25/25)","Provide me with a list of my reports ."," Your direct reports are Abby Gonano , Jesse Rosenfeld and 1 other . ","Can you schedule a meeting with the reports tomorrow at 2 ?","please make a meet with my direct reports","0","Add Larry Smith, Bill, and Danny to the meeting with John Smith.","3","Can you make an event for tomorrow at 2pm","2","Set up a meeting with my reports for 2 pm tomorrow.","1","true","{}","{}","4"
"3EN4YVUOUCXFZGYTVLGRMGTE2M5XJZ","3BI4P5TREONE1N0FOPWSFKJVYI87VL","Choose and rewrite chatbot responses","You will see responses from a chatbot and be asked to choose and/or edit valid responses","chatbot, data collection, text","$0.09","Fri Oct 14 13:04:21 PDT 2022","1","BatchId:4900858;OriginalHitTemplateId:928390845;","7200","259200","Fri Oct 21 13:04:21 PDT 2022","","","3483FV8BEFO4XPEJDF6AC5PWAAZ26J","A2RBF3IIJP15IH","Submitted","Fri Oct 14 13:16:03 PDT 2022","Fri Oct 14 13:24:58 PDT 2022","Mon Oct 17 13:24:58 PDT 2022","","","","535","100% (570/570)","100% (96/96)","100% (96/96)","Actually I need to make it a little later ...","Here are some times when you and Crystal are free .","The second one is later thanks","The 2nd one works.","2","fix the second one","0","The 2nd one works.","1","Schedule the appointment for 12:00 PM. Also, please add Celebratory Dinner with Thomas tomorrow at around 6:30 PM.","3","true","{}","{}","3"
"3FBEFUUYRKARF8BT0SUOT4DBFVDA63","3BI4P5TREONE1N0FOPWSFKJVYI87VL","Choose and rewrite chatbot responses","You will see responses from a chatbot and be asked to choose and/or edit valid responses","chatbot, data collection, text","$0.09","Fri Oct 14 13:04:22 PDT 2022","1","BatchId:4900858;OriginalHitTemplateId:928390845;","7200","259200","Fri Oct 21 13:04:22 PDT 2022","","","37KGEN7NJ4V8Z2XUU9GVEIO6GPEPPW","AKQAI78JTXXC9","Submitted","Fri Oct 14 13:04:45 PDT 2022","Fri Oct 14 13:08:44 PDT 2022","Mon Oct 17 13:08:44 PDT 2022","","","","239","100% (1503/1503)","100% (25/25)","100% (25/25)","","","Please add a meeting in the main room for next tuesday at 8 am .","What about Sunday?","3","Change the location of the staff meeting tomorrow to Conference Room B.","0","create meeting in the main room on tuesday at 8","2","create meeting in main room on tuesday at 8","1","true","{}","{}","3"
"3FW4EL5A3LTES4XO0BP6X9D1N2J227","3BI4P5TREONE1N0FOPWSFKJVYI87VL","Choose and rewrite chatbot responses","You will see responses from a chatbot and be asked to choose and/or edit valid responses","chatbot, data collection, text","$0.09","Fri Oct 14 13:04:21 PDT 2022","1","BatchId:4900858;OriginalHitTemplateId:928390845;","7200","259200","Fri Oct 21 13:04:21 PDT 2022","","","3BEFOD78W7YGP6EY49WFUGJGKOAM49","A2RBF3IIJP15IH","Submitted","Fri Oct 14 13:15:52 PDT 2022","Fri Oct 14 13:23:51 PDT 2022","Mon Oct 17 13:23:51 PDT 2022","","","","479","100% (570/570)","100% (96/96)","100% (96/96)","yes this looks good to me","I 've put that on your calendar ."," Let 's add Larry , Bill , and Danny to the meeting with John Smith","No, I need it to be 2 hours long, from 2 to 3 pm.","3","Add Larry Smith, Bill, and Danny to the meeting with John.","0","Add Larry John, Bill, and Danny to the meeting with John.","2","Add Larry Smith, Bill, and Danny to the meeting with John Smith.","1","true","{}","Add Larry, Bill, and Danny to the meeting with John Smith.",""
"3GL25Y6843Z50O4EYITJ28LV6G0XM3","3BI4P5TREONE1N0FOPWSFKJVYI87VL","Choose and rewrite chatbot responses","You will see responses from a chatbot and be asked to choose and/or edit valid responses","chatbot, data collection, text","$0.09","Fri Oct 14 13:04:22 PDT 2022","1","BatchId:4900858;OriginalHitTemplateId:928390845;","7200","259200","Fri Oct 21 13:04:22 PDT 2022","","","336YQZE83WJYLPIYIEFPZ8PUKK5M5E","A2RBF3IIJP15IH","Submitted","Fri Oct 14 13:15:59 PDT 2022","Fri Oct 14 13:24:50 PDT 2022","Mon Oct 17 13:24:50 PDT 2022","","","","531","100% (570/570)","100% (96/96)","100% (96/96)"," I need to get a haircut on Friday around lunch , thanks ! ","Does one of these work ?"," Schedule it for 12 pm , please . Also , make a Celebratory Dinner with Thomas tomorrow at around 6 : 30 pm .","Schedule the appointment for 12:00 PM. Also, please add Celebratory Dinner with Thomas tomorrow at around 6:30 PM.","2","No, I need it to be 3 and a half hours long.","3","Schedule the appointment for 12:00 PM. Also, please schedule a Celebratory Dinner with Thomas tomorrow around 6:30 PM.","1","Schedule the appointment for 12:00 PM. Also, please schedule a Celebratory Dinner with Thomas tomorrow around 6:30 PM.","0","true","{}","{}","3"
"3GONHBMNHV3U5J4TZ0H4ZT16EGYZM2","3BI4P5TREONE1N0FOPWSFKJVYI87VL","Choose and rewrite chatbot responses","You will see responses from a chatbot and be asked to choose and/or edit valid responses","chatbot, data collection, text","$0.09","Fri Oct 14 13:04:21 PDT 2022","1","BatchId:4900858;OriginalHitTemplateId:928390845;","7200","259200","Fri Oct 21 13:04:21 PDT 2022","","","3S96KQ6I9N9X2XNB6HYKJY8ER9WTDR","AKQAI78JTXXC9","Submitted","Fri Oct 14 13:05:41 PDT 2022","Fri Oct 14 13:10:36 PDT 2022","Mon Oct 17 13:10:36 PDT 2022","","","","295","100% (1503/1503)","100% (25/25)","100% (25/25)","I 'm having super secret downtime next Tuesday from 1 to 5 .","Is this good ?","Can you make super secret downtime be on Wednesday ?","No, it should actually be next Wednesday.","1","I meant the one on Thursday.","3","Can you change that to Wednesday?","0","Can you change that to Wednesday?","2","true","{}","{}","1"
"3HEM8MA6H9HRCU0F4KQJP4JXEIOPQU","3BI4P5TREONE1N0FOPWSFKJVYI87VL","Choose and rewrite chatbot responses","You will see responses from a chatbot and be asked to choose and/or edit valid responses","chatbot, data collection, text","$0.09","Fri Oct 14 13:04:22 PDT 2022","1","BatchId:4900858;OriginalHitTemplateId:928390845;","7200","259200","Fri Oct 21 13:04:22 PDT 2022","","","3FE7TXL1LJSX77X3SOK8IA6NAB92QE","AKQAI78JTXXC9","Submitted","Fri Oct 14 13:04:41 PDT 2022","Fri Oct 14 13:08:04 PDT 2022","Mon Oct 17 13:08:04 PDT 2022","","","","203","100% (1503/1503)","100% (25/25)","100% (25/25)","",""," Are there waiters at Buenos Grill in Reno , NV ?","Does Buenos Grill in Reno have takeout?","1","Does Buenos Grill in Reno, NV have waiter service?","0","Does Buenos Grill in Reno have waiter service?","2","What do I have on Monday morning?","3","true","{}","{}","2"
"3HFWPF5AK9OWILA5YQIH71VXRAHS3A","3BI4P5TREONE1N0FOPWSFKJVYI87VL","Choose and rewrite chatbot responses","You will see responses from a chatbot and be asked to choose and/or edit valid responses","chatbot, data collection, text","$0.09","Fri Oct 14 13:04:22 PDT 2022","1","BatchId:4900858;OriginalHitTemplateId:928390845;","7200","259200","Fri Oct 21 13:04:22 PDT 2022","","","30LSNF239V0KQ99KFGFZ98F1J1U2ID","A2RBF3IIJP15IH","Submitted","Fri Oct 14 13:12:30 PDT 2022","Fri Oct 14 13:13:20 PDT 2022","Mon Oct 17 13:13:20 PDT 2022","","","","50","100% (570/570)","100% (96/96)","100% (96/96)","What 's on my schedule on Friday"," You have one event on your calendar . Your \"" rally \"" is on Friday from 9 : 00 to 11 : 00 AM . ","How about on Saturday","What's on my schedule on Saturday?","2","Oh I meant Saturday","0","change the staff meeting to be called staff meeting","3","Oh I meant Saturday","1","true","{}","{}","1"
"3JU8CV4BRLHORINZP7YF0ZOXZH6POM","3BI4P5TREONE1N0FOPWSFKJVYI87VL","Choose and rewrite chatbot responses","You will see responses from a chatbot and be asked to choose and/or edit valid responses","chatbot, data collection, text","$0.09","Fri Oct 14 13:04:21 PDT 2022","1","BatchId:4900858;OriginalHitTemplateId:928390845;","7200","259200","Fri Oct 21 13:04:21 PDT 2022","","","3QUO65DNQVT367TPWV2AZO6FE1AUOG","AKQAI78JTXXC9","Submitted","Fri Oct 14 13:04:38 PDT 2022","Fri Oct 14 13:06:59 PDT 2022","Mon Oct 17 13:06:59 PDT 2022","","","","141","100% (1503/1503)","100% (25/25)","100% (25/25)","Let 's go with the second one .","I 've put that on your calendar .","Can you give the address of the Smithsonian National Zoo ?","Can you give me the address for Smithsonian National Zoo?","0","What is the address of the Smithsonian National Zoo?","2","fix the second one","3","What is the address of the Smithsonian National Zoo?","1","true","{}","{}","2"
"3MJ9GGZYO3B3X7SSDQIL3RWZZQBA2M","3BI4P5TREONE1N0FOPWSFKJVYI87VL","Choose and rewrite chatbot responses","You will see responses from a chatbot and be asked to choose and/or edit valid responses","chatbot, data collection, text","$0.09","Fri Oct 14 13:04:21 PDT 2022","1","BatchId:4900858;OriginalHitTemplateId:928390845;","7200","259200","Fri Oct 21 13:04:21 PDT 2022","","","3JNQLM5FT5RMGAHQ0JCC1O7T05M2LP","AKQAI78JTXXC9","Submitted","Fri Oct 14 13:04:37 PDT 2022","Fri Oct 14 13:06:50 PDT 2022","Mon Oct 17 13:06:50 PDT 2022","","","","133","100% (1503/1503)","100% (25/25)","100% (25/25)","Is that a good place for a group meal ?"," Yes , Twisted Fork is good for groups . ","Texas Roadhouse in reno","Find me Texas Roadhouse in reno","1","Find me Texas Roadhouse in reno","0","What's the weather like at Texas Roadhouse in reno?","2","Can you add James Karl and Mike to this event?","3","true","{}","{}","1"
"3MXX6RQ9EVAKNPDH6NJ6M1ISIQ74PS","3BI4P5TREONE1N0FOPWSFKJVYI87VL","Choose and rewrite chatbot responses","You will see responses from a chatbot and be asked to choose and/or edit valid responses","chatbot, data collection, text","$0.09","Fri Oct 14 13:04:22 PDT 2022","1","BatchId:4900858;OriginalHitTemplateId:928390845;","7200","259200","Fri Oct 21 13:04:22 PDT 2022","","","3KIBXJ1WD6ZP3BOD2HY8T1XHCACKO9","A2RBF3IIJP15IH","Submitted","Fri Oct 14 13:04:41 PDT 2022","Fri Oct 14 13:06:58 PDT 2022","Mon Oct 17 13:06:58 PDT 2022","","","","137","100% (570/570)","100% (96/96)","100% (96/96)","It 's look well"," I 've changed \"" Brainstorm Session \"" to be at Little Anthony 's Pizza . ","Will it be raining out ?","Will it be rainy?","0","Is it raining now?","2","Oh I meant Saturday","3","Is it raining?","1","true","{}","{}","1"
"3NOEP8XAU47BLR1RQYLBJCFQBLBXPZ","3BI4P5TREONE1N0FOPWSFKJVYI87VL","Choose and rewrite chatbot responses","You will see responses from a chatbot and be asked to choose and/or edit valid responses","chatbot, data collection, text","$0.09","Fri Oct 14 13:04:22 PDT 2022","1","BatchId:4900858;OriginalHitTemplateId:928390845;","7200","259200","Fri Oct 21 13:04:22 PDT 2022","","","3IQ1VMJRYUPGKBBLO1212XZWCZZA99","A2RBF3IIJP15IH","Submitted","Fri Oct 14 13:16:25 PDT 2022","Fri Oct 14 13:25:45 PDT 2022","Mon Oct 17 13:25:45 PDT 2022","","","","560","100% (570/570)","100% (96/96)","100% (96/96)","show me the star conventions"," The \"" star conventions \"" is on Saturday from 9 : 00 to 9 : 30 AM . ","show me my interview tomorrow","Can you show me my interview tomorrow?","1","Do I have any events this Spring with Julie?","3","show me tomorrow's interview","2","show me my interview tomorrow","0","true","{}","{}","1"
"3NRZ1LDP7WB0QM16RG9WGXV1JL9ZPY","3BI4P5TREONE1N0FOPWSFKJVYI87VL","Choose and rewrite chatbot responses","You will see responses from a chatbot and be asked to choose and/or edit valid responses","chatbot, data collection, text","$0.09","Fri Oct 14 13:04:22 PDT 2022","1","BatchId:4900858;OriginalHitTemplateId:928390845;","7200","259200","Fri Oct 21 13:04:22 PDT 2022","","","3QIYRE09Y4M5FP2FTSSD9X1DDU7N1U","AKQAI78JTXXC9","Submitted","Fri Oct 14 13:04:39 PDT 2022","Fri Oct 14 13:07:39 PDT 2022","Mon Oct 17 13:07:39 PDT 2022","","","","180","100% (1503/1503)","100% (25/25)","100% (25/25)","I need to move my appointment with Matt to sometime between the 3 rd and 8 th of December .","How is this ?","Can we change that to later in the week ?","create meeting in main room on tuesday at 8","3","I need it to be later in the week.","0","I need it to be later in the week.","2","I need to move it to later this week.","1","true","{}","{}","4"
"3NSCTNUR2ZSVW4BFV9KJ1YZBJ02A5N","3BI4P5TREONE1N0FOPWSFKJVYI87VL","Choose and rewrite chatbot responses","You will see responses from a chatbot and be asked to choose and/or edit valid responses","chatbot, data collection, text","$0.09","Fri Oct 14 13:04:21 PDT 2022","1","BatchId:4900858;OriginalHitTemplateId:928390845;","7200","259200","Fri Oct 21 13:04:21 PDT 2022","","","336KAV9KYRX6G9OPJY12VW9P9KQ2YH","AKQAI78JTXXC9","Submitted","Fri Oct 14 13:04:51 PDT 2022","Fri Oct 14 13:10:04 PDT 2022","Mon Oct 17 13:10:04 PDT 2022","","","","313","100% (1503/1503)","100% (25/25)","100% (25/25)","What is on my calendar this Saturday ?","I did n't find any matching events on your calendar .","Add a 4 hour baseball game in the afternoon","Create a baseball game for 4 hours in the afternoon.","0","Create a baseball game for 4 hours this afternoon.","1","What events do I have this month with Ramon?","3","Schedule a baseball game for that afternoon for 4 hours.","2","true","{}","{}","4"
"3PZDSVZ3J5MKK414Q86EICDXIB64NW","3BI4P5TREONE1N0FOPWSFKJVYI87VL","Choose and rewrite chatbot responses","You will see responses from a chatbot and be asked to choose and/or edit valid responses","chatbot, data collection, text","$0.09","Fri Oct 14 13:04:21 PDT 2022","1","BatchId:4900858;OriginalHitTemplateId:928390845;","7200","259200","Fri Oct 21 13:04:21 PDT 2022","","","3UXUOQ9OKF2C6SNS944HO18QH9BA7X","A2RBF3IIJP15IH","Submitted","Fri Oct 14 13:16:19 PDT 2022","Fri Oct 14 13:25:25 PDT 2022","Mon Oct 17 13:25:25 PDT 2022","","","","546","100% (570/570)","100% (96/96)","100% (96/96)","Can you double check that I do n't have anything planned on Saturday ?"," I found one event on Saturday . It 's \"" Appointment \"" from 3 : 00 to 3 : 30 PM . "," Alright , what about Sunday ?","What about Sunday?","2","Rename it to Meeting Meeting","3","What about Sunday?","0","What about Sunday?","1","true","{}","{}","3"
"3QQUBC64ZEJBI6PEAJ8JFNAVB6AXN3","3BI4P5TREONE1N0FOPWSFKJVYI87VL","Choose and rewrite chatbot responses","You will see responses from a chatbot and be asked to choose and/or edit valid responses","chatbot, data collection, text","$0.09","Fri Oct 14 13:04:22 PDT 2022","1","BatchId:4900858;OriginalHitTemplateId:928390845;","7200","259200","Fri Oct 21 13:04:22 PDT 2022","","","3M0BCWMB8W1WFHTLNQCPBSRDSI2WBD","A2RBF3IIJP15IH","Submitted","Fri Oct 14 13:06:39 PDT 2022","Fri Oct 14 13:07:57 PDT 2022","Mon Oct 17 13:07:57 PDT 2022","","","","78","100% (570/570)","100% (96/96)","100% (96/96)","do I have anything around 1 pm on Tuesday ?"," Yes , I found one event tomorrow . It 's \"" IM Burger \"" from 2 : 00 to 2 : 30 . ","Please change this to In N Out Burger and make it around 5 pm","Can you rename that to In N Burger Burger and make it start around 5 pm?","1","Can you rename that to In N Out Burger and make it start around 5 pm instead?","0","Can you change that to be at In N Out Burger and then at around 5 pm?","2","Find me Texas Roadhouse in reno","3","true","{}","{}","2"
"3QTFNPMJC6N0N1PTB1W4C8Q6J68ZN2","3BI4P5TREONE1N0FOPWSFKJVYI87VL","Choose and rewrite chatbot responses","You will see responses from a chatbot and be asked to choose and/or edit valid responses","chatbot, data collection, text","$0.09","Fri Oct 14 13:04:22 PDT 2022","1","BatchId:4900858;OriginalHitTemplateId:928390845;","7200","259200","Fri Oct 21 13:04:22 PDT 2022","","","39ASUFLU6YC9BKAV7MA1EJB54HLXE7","AKQAI78JTXXC9","Submitted","Fri Oct 14 13:04:49 PDT 2022","Fri Oct 14 13:09:52 PDT 2022","Mon Oct 17 13:09:52 PDT 2022","","","","303","100% (1503/1503)","100% (25/25)","100% (25/25)","Move the dentist appointment to next Saturday .","Is this the update you want ?","Book a lunch for next wednesday with sarah and her boss","Schedule a lunch with the manager and myself for next Wednesday.","2","The one in the morning.","3","Add a lunch with sarah's manager next wednesday","1","Schedule a lunch with the manager for next Wednesday.","0","true","{}","Schedule a lunch with Sarah and her manager for next Wednesday",""
"3RKHNXPHGW1ITWAG815G3OUNNTOUK3","3BI4P5TREONE1N0FOPWSFKJVYI87VL","Choose and rewrite chatbot responses","You will see responses from a chatbot and be asked to choose and/or edit valid responses","chatbot, data collection, text","$0.09","Fri Oct 14 13:04:21 PDT 2022","1","BatchId:4900858;OriginalHitTemplateId:928390845;","7200","259200","Fri Oct 21 13:04:21 PDT 2022","","","3MYYFCXHJ4CGXWICT6YKHBZJO2YG4V","A2RBF3IIJP15IH","Submitted","Fri Oct 14 13:18:05 PDT 2022","Fri Oct 14 13:26:20 PDT 2022","Mon Oct 17 13:26:20 PDT 2022","","","","495","100% (570/570)","100% (96/96)","100% (96/96)","schedule a meeting with the marketing department tomorrow .","I can only look up names in your address book . Please use a full name and try again .","Schedule a meeting with Marcus from the marketing department tomorrow .","Is Elliot coming to my birthday party this weekend?","3","schedule a meeting with Marcus on tomorrow for the meeting department","2","Schedule a meeting with the marketing department tomorrow.","0","Can you find Jack Sparrow's address?","1","true","{}","Schedule a meeting tomorrow with Marcus from the marketing department.",""
"3SBX2M1TKDS5N1EW60YVM682NMT4QJ","3BI4P5TREONE1N0FOPWSFKJVYI87VL","Choose and rewrite chatbot responses","You will see responses from a chatbot and be asked to choose and/or edit valid responses","chatbot, data collection, text","$0.09","Fri Oct 14 13:04:22 PDT 2022","1","BatchId:4900858;OriginalHitTemplateId:928390845;","7200","259200","Fri Oct 21 13:04:22 PDT 2022","","","3TEM0PF1Q62WMOQK8FAAZN69UY00DN","AKQAI78JTXXC9","Submitted","Fri Oct 14 13:04:44 PDT 2022","Fri Oct 14 13:08:36 PDT 2022","Mon Oct 17 13:08:36 PDT 2022","","","","232","100% (1503/1503)","100% (25/25)","100% (25/25)","No"," Ok , I wo n't do anything for now . Let me know what else I can help you with . ","Can you tell me when I have a drs appt this week ?","search for dr appt this week","1","when is my dr appt this week?","0","Can you change the title to ""staff meeting""","3","Can you search for my dr appt this week?","2","true","{}","{}","4"
"3SSN80MU8CTAA04BD6G3NVTRHB5XKY","3BI4P5TREONE1N0FOPWSFKJVYI87VL","Choose and rewrite chatbot responses","You will see responses from a chatbot and be asked to choose and/or edit valid responses","chatbot, data collection, text","$0.09","Fri Oct 14 13:04:22 PDT 2022","1","BatchId:4900858;OriginalHitTemplateId:928390845;","7200","259200","Fri Oct 21 13:04:22 PDT 2022","","","3O6CYIULEE6BBG2RNHTKGIJ1H39UWS","AKQAI78JTXXC9","Submitted","Fri Oct 14 13:04:47 PDT 2022","Fri Oct 14 13:09:16 PDT 2022","Mon Oct 17 13:09:16 PDT 2022","","","","269","100% (1503/1503)","100% (25/25)","100% (25/25)","","","Did I have any meetings early next week ?","Can you tell me when my next block of free time is?","1","Do I have any meetings early next week?","0","What do I have early next week?","2","Make my Car Seats happen in the PM","3","true","{}","{}","3"
"3SV8KD29L4XZFV4QEO4OKG92PB3ZKX","3BI4P5TREONE1N0FOPWSFKJVYI87VL","Choose and rewrite chatbot responses","You will see responses from a chatbot and be asked to choose and/or edit valid responses","chatbot, data collection, text","$0.09","Fri Oct 14 13:04:21 PDT 2022","1","BatchId:4900858;OriginalHitTemplateId:928390845;","7200","259200","Fri Oct 21 13:04:21 PDT 2022","","","3OWEPKL08AHJQBHHI89MA7SQGG7N7R","AKQAI78JTXXC9","Submitted","Fri Oct 14 13:04:46 PDT 2022","Fri Oct 14 13:09:06 PDT 2022","Mon Oct 17 13:09:06 PDT 2022","","","","260","100% (1503/1503)","100% (25/25)","100% (25/25)","Hello ! Please can you tell me if I have any scheduled events this upcoming weekend ?"," I found 1 event this weekend . It 's \"" Pwn some Bandits \"" on Saturday from 3 : 00 to 3 : 30 PM . ","What about next weekend","What do I have next weekend?","1","Find my lunch date today with sam.","3","What about next week?","2","What about next weekend?","0","true","{}","{}","1"
"3V0TR1NRVA7D0L7FH419W6TXJ47A4I","3BI4P5TREONE1N0FOPWSFKJVYI87VL","Choose and rewrite chatbot responses","You will see responses from a chatbot and be asked to choose and/or edit valid responses","chatbot, data collection, text","$0.09","Fri Oct 14 13:04:21 PDT 2022","1","BatchId:4900858;OriginalHitTemplateId:928390845;","7200","259200","Fri Oct 21 13:04:21 PDT 2022","","","3LOZAJ85YEIHG4YFE2F0CI2G7EW2XB","AKQAI78JTXXC9","Submitted","Fri Oct 14 13:04:50 PDT 2022","Fri Oct 14 13:09:57 PDT 2022","Mon Oct 17 13:09:57 PDT 2022","","","","307","100% (1503/1503)","100% (25/25)","100% (25/25)","","","Schedule meeting with the Supervisor on monday at 10 am","Who are David Lax's reports?","3","Schedule a meeting with my boss on Monday at 10 am.","1","Schedule a meeting with my boss on Monday at 10 am.","2","Please schedule a meeting with the pope tomorrow.","0","true","{}","{}","2"
"3VI0PC2ZAYPT0RPQBY8WUCA01GFXOI","3BI4P5TREONE1N0FOPWSFKJVYI87VL","Choose and rewrite chatbot responses","You will see responses from a chatbot and be asked to choose and/or edit valid responses","chatbot, data collection, text","$0.09","Fri Oct 14 13:04:22 PDT 2022","1","BatchId:4900858;OriginalHitTemplateId:928390845;","7200","259200","Fri Oct 21 13:04:22 PDT 2022","","","3I02618YA1BLR75QBVFPOOB5O66UPX","AKQAI78JTXXC9","Submitted","Fri Oct 14 13:04:40 PDT 2022","Fri Oct 14 13:07:52 PDT 2022","Mon Oct 17 13:07:52 PDT 2022","","","","192","100% (1503/1503)","100% (25/25)","100% (25/25)","Are there any events not in Nashville on Tuesday ?"," I found one matching event on your calendar . It 's \"" Level 56 Illusion \"" on Tuesday the 14 th from 3 : 00 to 3 : 30 PM . ","How many meetings will be held outside Washington this year ?","How many events do I have not in Washington this year?","0","How old are you?","3","What events do I have that are not in Washington this year?","2","What events do I have that are not in Washington this year?","1","true","{}","{}","1"
"3VLL1PIENQTI5MP5CGWHRXQB9GDZOH","3BI4P5TREONE1N0FOPWSFKJVYI87VL","Choose and rewrite chatbot responses","You will see responses from a chatbot and be asked to choose and/or edit valid responses","chatbot, data collection, text","$0.09","Fri Oct 14 13:04:22 PDT 2022","1","BatchId:4900858;OriginalHitTemplateId:928390845;","7200","259200","Fri Oct 21 13:04:22 PDT 2022","","","3E4GGUZ1T9WBW4Z8FJ0BMOUEB5H2KM","AKQAI78JTXXC9","Submitted","Fri Oct 14 13:04:36 PDT 2022","Fri Oct 14 13:06:38 PDT 2022","Mon Oct 17 13:06:38 PDT 2022","","","","122","100% (1503/1503)","100% (25/25)","100% (25/25)","create time to study tonight at 7 pm .","How 's this ?","I want to make sure that I study for 3 hours tonight .","make that 10-11","3","Make it last 3 hours","1","Book 3 hours to study tonight.","0","Make it last 3 hours tonight.","2","true","{}","{}","4"
"3VO4XFFP15R26OWF8YW2PISCEOJ7Q6","3BI4P5TREONE1N0FOPWSFKJVYI87VL","Choose and rewrite chatbot responses","You will see responses from a chatbot and be asked to choose and/or edit valid responses","chatbot, data collection, text","$0.09","Fri Oct 14 13:04:21 PDT 2022","1","BatchId:4900858;OriginalHitTemplateId:928390845;","7200","259200","Fri Oct 21 13:04:21 PDT 2022","","","3MAOD8E57RFD5QN80LDK465EI9PNXP","A2RBF3IIJP15IH","Submitted","Fri Oct 14 13:18:08 PDT 2022","Fri Oct 14 13:26:45 PDT 2022","Mon Oct 17 13:26:45 PDT 2022","","","","517","100% (570/570)","100% (96/96)","100% (96/96)","","","What will the temperature be at 3 am tomorrow ?","What will the temperature be for my meeting at 3am tomorrow?","2","What will the temperature be at 3am tomorrow?","1","What will the temperature be at 3am tomorrow?","0","what will the weather be like at the car wash","3","true","{}","What will the temperature be tomorrow at 3 am?",""
"3W3RSPVVGSWTD2SYT1HHIO72CTTUL6","3BI4P5TREONE1N0FOPWSFKJVYI87VL","Choose and rewrite chatbot responses","You will see responses from a chatbot and be asked to choose and/or edit valid responses","chatbot, data collection, text","$0.09","Fri Oct 14 13:04:21 PDT 2022","1","BatchId:4900858;OriginalHitTemplateId:928390845;","7200","259200","Fri Oct 21 13:04:21 PDT 2022","","","3PW9OPU9PRP9Q3DM79UTH9YF2ZH12I","AKQAI78JTXXC9","Submitted","Fri Oct 14 13:05:45 PDT 2022","Fri Oct 14 13:11:16 PDT 2022","Mon Oct 17 13:11:16 PDT 2022","","","","331","100% (1503/1503)","100% (25/25)","100% (25/25)"," Oh dear , I just realized I need it to be 2 hours instead of half an hour . ","Is this the change you want to make ?","Actually can you make that 3 hours and a half just to be safe ?","Schedule a morning check-in in with Pete at Starbucks on Thursday at 10:30 am.","3","No, I need it to last for more than 3 and a half hours.","2","No, I need it to be 3 and a half hours long.","0","No, I need it to be 3 and a half hours instead.","1","true","{}","{}","4"
"3XBXDSS888OLU6MTY6S42V666BAXL1","3BI4P5TREONE1N0FOPWSFKJVYI87VL","Choose and rewrite chatbot responses","You will see responses from a chatbot and be asked to choose and/or edit valid responses","chatbot, data collection, text","$0.09","Fri Oct 14 13:04:22 PDT 2022","1","BatchId:4900858;OriginalHitTemplateId:928390845;","7200","259200","Fri Oct 21 13:04:22 PDT 2022","","","34FNN24DCNEYF67C1H30T3C1TUGY5D","AKQAI78JTXXC9","Submitted","Fri Oct 14 13:05:44 PDT 2022","Fri Oct 14 13:10:54 PDT 2022","Mon Oct 17 13:10:54 PDT 2022","","","","310","100% (1503/1503)","100% (25/25)","100% (25/25)","I need it later .","Does one of these work ?","Put the first option on the calendar .","Oh I meant Saturday","3","fix the second one","1","fix the first one","0","fix the first one","2","true","{}","Go with the first one.",""
"3XEIP58NL0SAZ1M8ZOGPZGMHEB8ZL0","3BI4P5TREONE1N0FOPWSFKJVYI87VL","Choose and rewrite chatbot responses","You will see responses from a chatbot and be asked to choose and/or edit valid responses","chatbot, data collection, text","$0.09","Fri Oct 14 13:04:21 PDT 2022","1","BatchId:4900858;OriginalHitTemplateId:928390845;","7200","259200","Fri Oct 21 13:04:21 PDT 2022","","","3EJJQNKU9SA1YYFLOOCFA4MUVGVHRE","A2RBF3IIJP15IH","Submitted","Fri Oct 14 13:16:22 PDT 2022","Fri Oct 14 13:25:35 PDT 2022","Mon Oct 17 13:25:35 PDT 2022","","","","553","100% (570/570)","100% (96/96)","100% (96/96)","",""," I need to know every events I had last year , please .","Check for Apex at 3.","3","Did I have any meetings last year?","2","Can you tell me when my next block of free time is?","0","What did I do last year?","1","true","{}","{}","4"
"3YD0MU1NC26AJ8PYJ2ZGZID7A6XA72","3BI4P5TREONE1N0FOPWSFKJVYI87VL","Choose and rewrite chatbot responses","You will see responses from a chatbot and be asked to choose and/or edit valid responses","chatbot, data collection, text","$0.09","Fri Oct 14 13:04:22 PDT 2022","1","BatchId:4900858;OriginalHitTemplateId:928390845;","7200","259200","Fri Oct 21 13:04:22 PDT 2022","","","35USIKEBNSL0MB3CZY4U4TSUL5Q6NE","A2RBF3IIJP15IH","Submitted","Fri Oct 14 13:15:55 PDT 2022","Fri Oct 14 13:24:33 PDT 2022","Mon Oct 17 13:24:33 PDT 2022","","","","518","100% (570/570)","100% (96/96)","100% (96/96)","Looks great","I 've put that on your calendar .","What meeting do I have scheduled in 1 hour ?","What meeting do I have in an hour?","2","Fran should be disinvited since she is out of town.","3","What do I have an hour from now?","1","What meeting do I have an hour from now?","0","true","{}","{}","4"
"3ZLW647WAL03DMT74B3BGJITTGJ23I","3BI4P5TREONE1N0FOPWSFKJVYI87VL","Choose and rewrite chatbot responses","You will see responses from a chatbot and be asked to choose and/or edit valid responses","chatbot, data collection, text","$0.09","Fri Oct 14 13:04:21 PDT 2022","1","BatchId:4900858;OriginalHitTemplateId:928390845;","7200","259200","Fri Oct 21 13:04:21 PDT 2022","","","3AUQQEL7U6YIG5Q6Z0A459CGU540VM","A2RBF3IIJP15IH","Submitted","Fri Oct 14 13:05:41 PDT 2022","Fri Oct 14 13:07:23 PDT 2022","Mon Oct 17 13:07:23 PDT 2022","","","","102","100% (570/570)","100% (96/96)","100% (96/96)","",""," Will Jeff , Jimmy , and Elliot be at the birthday party this weekend ?","Is Elliot coming to my birthday party this weekend?","2","Will Jeff, Jimmy, and Elliot be at my birthday party this weekend?","1","I need to cancel all my meetings for tomorrow.","0","Can you add James and Mike to this event?","3","true","{}","{}","2"